transaction_id,store_id,product_id,quantity_sold,unit_price,total_amount,sale_date
50001,3,1002,5,35.0,175.0,2024-06-23
50002,4,1002,3,35.0,105.0,2024-03-08
50003,3,1012,8,40.0,320.0,2024-10-05
50004,4,1001,10,450.0,4500.0,2024-02-22
50005,5,1007,1,45.0,45.0,2024-02-01
50006,1,1011,6,30.0,180.0,2024-01-07
50007,3,1009,7,85.0,595.0,2024-06-01
50008,5,1010,3,25.0,75.0,2024-02-25
50009,2,1004,4,180.0,720.0,2024-12-23
50010,3,1010,5,25.0,125.0,2024-09-05
50011,1,1001,4,450.0,1800.0,2024-03-01
50012,4,1012,5,40.0,200.0,2024-01-26
50013,4,1002,10,35.0,350.0,2024-10-04
50014,1,1002,9,35.0,315.0,2024-12-11
50015,2,1008,4,65.0,260.0,2024-05-21
50016,2,1013,8,120.0,960.0,2024-06-23
50017,1,1008,1,65.0,65.0,2024-06-09
50018,5,1010,10,25.0,250.0,2024-11-10
50019,1,1003,1,55.0,55.0,2024-12-12
50020,3,1007,4,45.0,180.0,2024-06-26
50021,1,1007,1,45.0,45.0,2024-03-14
50022,3,1002,6,35.0,210.0,2024-12-09
50023,2,1001,10,450.0,4500.0,2024-09-07
50024,1,1004,3,180.0,540.0,2024-05-11
50025,1,1014,6,35.0,210.0,2024-04-25
50026,3,1002,1,35.0,35.0,2024-10-30
50027,1,1002,5,35.0,175.0,2024-07-31
50028,1,1010,10,25.0,250.0,2024-04-28
50029,2,1001,7,450.0,3150.0,2024-11-23
50030,4,1003,10,55.0,550.0,2024-06-11
50031,3,1013,7,120.0,840.0,2024-06-22
50032,2,1010,6,25.0,150.0,2024-05-09
50033,5,1013,7,120.0,840.0,2024-06-20
50034,5,1013,1,120.0,120.0,2024-01-24
50035,5,1003,4,55.0,220.0,2024-04-02
50036,5,1014,7,35.0,245.0,2024-02-24
50037,3,1009,3,85.0,255.0,2024-08-23
50038,4,1002,9,35.0,315.0,2024-03-05
50039,3,1001,10,450.0,4500.0,2024-12-09
50040,4,1004,9,180.0,1620.0,2024-03-30
50041,1,1001,5,450.0,2250.0,2024-03-25
50042,2,1004,6,180.0,1080.0,2024-07-30
50043,2,1001,1,450.0,450.0,2024-02-03
50044,1,1012,3,40.0,120.0,2024-10-19
50045,4,1008,6,65.0,390.0,2024-10-19
50046,5,1014,7,35.0,245.0,2024-08-14
50047,1,1012,10,40.0,400.0,2024-02-07
50048,1,1014,8,35.0,280.0,2024-03-12
50049,1,1009,3,85.0,255.0,2024-01-28
50050,2,1005,6,185.0,1110.0,2024-03-17
50051,2,1004,6,180.0,1080.0,2024-08-09
50052,4,1002,1,35.0,35.0,2024-06-14
50053,4,1006,2,120.0,240.0,2024-05-05
50054,1,1014,4,35.0,140.0,2024-11-16
50055,1,1013,10,120.0,1200.0,2024-06-16
50056,3,1007,7,45.0,315.0,2024-02-19
50057,1,1003,6,55.0,330.0,2024-05-18
50058,4,1005,6,185.0,1110.0,2024-02-17
50059,4,1012,6,40.0,240.0,2024-10-27
50060,1,1001,10,450.0,4500.0,2024-02-29
50061,3,1006,5,120.0,600.0,2024-03-30
50062,2,1009,6,85.0,510.0,2024-01-24
50063,3,1003,9,55.0,495.0,2024-02-25
50064,2,1005,10,185.0,1850.0,2024-06-13
50065,4,1003,5,55.0,275.0,2024-07-10
50066,4,1014,8,35.0,280.0,2024-03-04
50067,1,1007,2,45.0,90.0,2024-12-10
50068,4,1013,5,120.0,600.0,2024-01-16
50069,1,1003,5,55.0,275.0,2024-09-11
50070,5,1006,10,120.0,1200.0,2024-06-16
50071,1,1014,2,35.0,70.0,2024-11-10
50072,2,1011,4,30.0,120.0,2024-10-26
50073,1,1001,5,450.0,2250.0,2024-10-28
50074,1,1004,7,180.0,1260.0,2024-04-14
50075,1,1002,10,35.0,350.0,2024-11-24
50076,2,1002,4,35.0,140.0,2024-01-16
50077,5,1009,8,85.0,680.0,2024-07-23
50078,3,1009,6,85.0,510.0,2024-05-10
50079,4,1010,2,25.0,50.0,2024-04-03
50080,4,1004,4,180.0,720.0,2024-07-02
50081,4,1007,8,45.0,360.0,2024-06-21
50082,3,1004,3,180.0,540.0,2024-10-25
50083,2,1005,4,185.0,740.0,2024-10-16
50084,5,1007,7,45.0,315.0,2024-04-11
50085,5,1003,8,55.0,440.0,2024-11-02
50086,2,1003,7,55.0,385.0,2024-07-08
50087,5,1005,1,185.0,185.0,2024-02-13
50088,2,1014,9,35.0,315.0,2024-02-08
50089,5,1004,1,180.0,180.0,2024-02-26
50090,1,1009,1,85.0,85.0,2024-04-24
50091,3,1010,7,25.0,175.0,2024-12-16
50092,3,1008,2,65.0,130.0,2024-04-22
50093,5,1004,1,180.0,180.0,2024-04-27
50094,5,1012,2,40.0,80.0,2024-12-03
50095,5,1003,2,55.0,110.0,2024-07-13
50096,1,1007,1,45.0,45.0,2024-08-26
50097,2,1005,10,185.0,1850.0,2024-03-04
50098,5,1013,5,120.0,600.0,2024-11-05
50099,5,1013,7,120.0,840.0,2024-03-21
50100,5,1011,10,30.0,300.0,2024-08-02
50101,3,1002,5,35.0,175.0,2024-10-08
50102,3,1002,10,35.0,350.0,2024-06-06
50103,5,1003,3,55.0,165.0,2024-10-07
50104,2,1004,3,180.0,540.0,2024-12-11
50105,2,1009,10,85.0,850.0,2024-01-12
50106,1,1008,8,65.0,520.0,2024-07-22
50107,2,1009,10,85.0,850.0,2024-11-13
50108,1,1009,3,85.0,255.0,2024-09-23
50109,5,1013,1,120.0,120.0,2024-10-16
50110,1,1011,7,30.0,210.0,2024-03-22
50111,1,1012,6,40.0,240.0,2024-03-13
50112,4,1003,5,55.0,275.0,2024-10-15
50113,3,1012,7,40.0,280.0,2024-01-30
50114,5,1001,4,450.0,1800.0,2024-12-01
50115,2,1006,3,120.0,360.0,2024-01-27
50116,5,1014,10,35.0,350.0,2024-10-15
50117,5,1006,1,120.0,120.0,2024-07-07
50118,5,1006,9,120.0,1080.0,2024-02-20
50119,4,1010,5,25.0,125.0,2024-09-24
50120,3,1001,1,450.0,450.0,2024-02-06
50121,4,1012,4,40.0,160.0,2024-04-07
50122,4,1009,7,85.0,595.0,2024-10-23
50123,4,1007,7,45.0,315.0,2024-05-27
50124,3,1002,4,35.0,140.0,2024-01-11
50125,3,1001,4,450.0,1800.0,2024-10-08
50126,5,1001,2,450.0,900.0,2024-07-05
50127,1,1013,6,120.0,720.0,2024-07-18
50128,5,1011,7,30.0,210.0,2024-02-04
50129,1,1006,6,120.0,720.0,2024-03-26
50130,4,1005,7,185.0,1295.0,2024-01-01
50131,3,1005,8,185.0,1480.0,2024-07-17
50132,3,1006,4,120.0,480.0,2024-04-28
50133,5,1009,2,85.0,170.0,2024-04-04
50134,3,1009,10,85.0,850.0,2024-01-05
50135,1,1014,9,35.0,315.0,2024-12-10
50136,1,1004,2,180.0,360.0,2024-10-03
50137,4,1003,9,55.0,495.0,2024-06-18
50138,5,1004,3,180.0,540.0,2024-07-14
50139,3,1001,10,450.0,4500.0,2024-02-06
50140,4,1009,10,85.0,850.0,2024-08-03
50141,4,1007,10,45.0,450.0,2024-10-16
50142,5,1013,6,120.0,720.0,2024-12-18
50143,3,1012,10,40.0,400.0,2024-03-23
50144,5,1003,5,55.0,275.0,2024-11-11
50145,5,1002,3,35.0,105.0,2024-04-20
50146,1,1009,8,85.0,680.0,2024-07-11
50147,3,1001,4,450.0,1800.0,2024-07-03
50148,3,1011,9,30.0,270.0,2024-07-18
50149,3,1004,5,180.0,900.0,2024-02-25
50150,1,1012,4,40.0,160.0,2024-09-28
50151,2,1010,9,25.0,225.0,2024-05-05
50152,3,1011,7,30.0,210.0,2024-08-25
50153,5,1009,5,85.0,425.0,2024-02-15
50154,5,1011,6,30.0,180.0,2024-06-29
50155,3,1001,1,450.0,450.0,2024-09-20
50156,2,1013,6,120.0,720.0,2024-10-10
50157,2,1007,2,45.0,90.0,2024-09-21
50158,3,1011,7,30.0,210.0,2024-09-27
50159,5,1013,7,120.0,840.0,2024-08-30
50160,5,1001,4,450.0,1800.0,2024-12-01
50161,4,1012,5,40.0,200.0,2024-10-13
50162,5,1006,9,120.0,1080.0,2024-12-29
50163,1,1012,2,40.0,80.0,2024-07-07
50164,3,1001,7,450.0,3150.0,2024-08-21
50165,3,1014,4,35.0,140.0,2024-07-22
50166,2,1010,9,25.0,225.0,2024-12-22
50167,3,1012,10,40.0,400.0,2024-09-16
50168,5,1007,10,45.0,450.0,2024-06-11
50169,2,1004,10,180.0,1800.0,2024-03-01
50170,5,1012,3,40.0,120.0,2024-08-17
50171,4,1001,8,450.0,3600.0,2024-12-12
50172,2,1003,6,55.0,330.0,2024-08-26
50173,3,1011,10,30.0,300.0,2024-02-14
50174,2,1012,7,40.0,280.0,2024-12-11
50175,2,1008,4,65.0,260.0,2024-03-15
50176,1,1008,4,65.0,260.0,2024-07-06
50177,1,1004,7,180.0,1260.0,2024-01-09
50178,2,1014,2,35.0,70.0,2024-12-24
50179,3,1009,8,85.0,680.0,2024-12-18
50180,4,1008,1,65.0,65.0,2024-04-28
50181,2,1004,4,180.0,720.0,2024-12-04
50182,1,1010,9,25.0,225.0,2024-12-05
50183,3,1002,7,35.0,245.0,2024-04-29
50184,3,1003,5,55.0,275.0,2024-06-11
50185,2,1002,6,35.0,210.0,2024-08-28
50186,1,1014,8,35.0,280.0,2024-11-13
50187,1,1003,6,55.0,330.0,2024-11-07
50188,5,1014,5,35.0,175.0,2024-01-27
50189,2,1012,1,40.0,40.0,2024-06-20
50190,4,1011,9,30.0,270.0,2024-04-29
50191,4,1005,7,185.0,1295.0,2024-03-01
50192,3,1005,8,185.0,1480.0,2024-01-07
50193,2,1008,10,65.0,650.0,2024-01-01
50194,4,1004,4,180.0,720.0,2024-04-12
50195,5,1005,6,185.0,1110.0,2024-02-20
50196,3,1006,5,120.0,600.0,2024-11-29
50197,2,1008,4,65.0,260.0,2024-05-13
50198,1,1005,10,185.0,1850.0,2024-08-26
50199,4,1014,4,35.0,140.0,2024-04-23
50200,3,1004,3,180.0,540.0,2024-08-17
50201,2,1010,10,25.0,250.0,2024-11-02
50202,3,1012,9,40.0,360.0,2024-12-07
50203,2,1004,2,180.0,360.0,2024-11-25
50204,4,1003,5,55.0,275.0,2024-09-17
50205,3,1014,10,35.0,350.0,2024-10-05
50206,1,1001,9,450.0,4050.0,2024-06-27
50207,5,1013,8,120.0,960.0,2024-11-16
50208,3,1003,8,55.0,440.0,2024-11-24
50209,2,1006,1,120.0,120.0,2024-08-22
50210,4,1006,9,120.0,1080.0,2024-12-29
50211,2,1008,6,65.0,390.0,2024-01-29
50212,2,1002,10,35.0,350.0,2024-06-29
50213,2,1008,2,65.0,130.0,2024-12-01
50214,3,1004,3,180.0,540.0,2024-05-18
50215,1,1003,7,55.0,385.0,2024-03-17
50216,4,1003,1,55.0,55.0,2024-02-15
50217,4,1006,10,120.0,1200.0,2024-12-05
50218,5,1014,8,35.0,280.0,2024-05-27
50219,2,1014,6,35.0,210.0,2024-06-08
50220,4,1013,2,120.0,240.0,2024-04-06
50221,4,1012,8,40.0,320.0,2024-08-16
50222,3,1014,4,35.0,140.0,2024-05-11
50223,2,1003,3,55.0,165.0,2024-03-13
50224,3,1003,7,55.0,385.0,2024-09-10
50225,5,1004,1,180.0,180.0,2024-02-27
50226,3,1014,6,35.0,210.0,2024-06-08
50227,3,1008,7,65.0,455.0,2024-12-04
50228,2,1008,7,65.0,455.0,2024-10-13
50229,5,1014,8,35.0,280.0,2024-07-06
50230,5,1005,4,185.0,740.0,2024-05-25
50231,5,1006,2,120.0,240.0,2024-03-20
50232,5,1011,2,30.0,60.0,2024-06-01
50233,3,1012,10,40.0,400.0,2024-10-16
50234,4,1004,3,180.0,540.0,2024-08-30
50235,1,1009,4,85.0,340.0,2024-02-11
50236,4,1008,9,65.0,585.0,2024-02-07
50237,2,1009,7,85.0,595.0,2024-11-05
50238,5,1007,3,45.0,135.0,2024-08-19
50239,3,1010,4,25.0,100.0,2024-12-07
50240,2,1007,10,45.0,450.0,2024-08-21
50241,3,1006,5,120.0,600.0,2024-09-14
50242,5,1001,10,450.0,4500.0,2024-12-19
50243,3,1010,4,25.0,100.0,2024-03-09
50244,1,1006,6,120.0,720.0,2024-06-30
50245,1,1004,10,180.0,1800.0,2024-01-20
50246,4,1011,8,30.0,240.0,2024-05-07
50247,1,1014,10,35.0,350.0,2024-03-25
50248,5,1002,9,35.0,315.0,2024-01-12
50249,4,1010,3,25.0,75.0,2024-06-19
50250,4,1003,10,55.0,550.0,2024-05-21
50251,1,1005,3,185.0,555.0,2024-07-19
50252,3,1011,2,30.0,60.0,2024-12-14
50253,5,1008,8,65.0,520.0,2024-11-20
50254,4,1007,9,45.0,405.0,2024-01-11
50255,3,1008,7,65.0,455.0,2024-02-29
50256,5,1011,7,30.0,210.0,2024-10-13
50257,3,1011,9,30.0,270.0,2024-10-16
50258,2,1009,2,85.0,170.0,2024-02-17
50259,4,1001,3,450.0,1350.0,2024-09-12
50260,3,1012,3,40.0,120.0,2024-09-01
50261,5,1008,6,65.0,390.0,2024-09-16
50262,2,1011,1,30.0,30.0,2024-03-06
50263,4,1014,9,35.0,315.0,2024-11-27
50264,5,1009,8,85.0,680.0,2024-01-23
50265,2,1005,1,185.0,185.0,2024-02-21
50266,1,1013,5,120.0,600.0,2024-02-24
50267,1,1004,10,180.0,1800.0,2024-07-23
50268,3,1008,7,65.0,455.0,2024-10-21
50269,3,1001,1,450.0,450.0,2024-05-03
50270,3,1002,9,35.0,315.0,2024-10-24
50271,4,1012,8,40.0,320.0,2024-08-03
50272,4,1006,7,120.0,840.0,2024-01-15
50273,2,1007,3,45.0,135.0,2024-09-29
50274,1,1008,6,65.0,390.0,2024-02-08
50275,4,1004,10,180.0,1800.0,2024-10-01
50276,5,1001,8,450.0,3600.0,2024-08-14
50277,5,1007,5,45.0,225.0,2024-02-09
50278,1,1007,5,45.0,225.0,2024-07-12
50279,5,1011,4,30.0,120.0,2024-11-25
50280,2,1013,4,120.0,480.0,2024-10-09
50281,1,1013,7,120.0,840.0,2024-06-26
50282,2,1008,8,65.0,520.0,2024-01-09
50283,3,1004,7,180.0,1260.0,2024-06-25
50284,2,1006,2,120.0,240.0,2024-12-30
50285,3,1003,8,55.0,440.0,2024-12-16
50286,3,1014,8,35.0,280.0,2024-08-07
50287,5,1014,5,35.0,175.0,2024-01-30
50288,4,1001,9,450.0,4050.0,2024-02-10
50289,4,1007,1,45.0,45.0,2024-05-26
50290,4,1007,8,45.0,360.0,2024-02-26
50291,4,1008,4,65.0,260.0,2024-07-02
50292,1,1008,4,65.0,260.0,2024-01-14
50293,1,1013,10,120.0,1200.0,2024-04-21
50294,3,1010,4,25.0,100.0,2024-08-19
50295,1,1001,8,450.0,3600.0,2024-12-24
50296,2,1004,7,180.0,1260.0,2024-02-18
50297,1,1008,3,65.0,195.0,2024-06-23
50298,5,1010,4,25.0,100.0,2024-09-19
50299,4,1003,1,55.0,55.0,2024-05-16
50300,5,1013,4,120.0,480.0,2024-08-26
50301,2,1009,2,85.0,170.0,2024-10-05
50302,4,1011,2,30.0,60.0,2024-11-18
50303,4,1003,2,55.0,110.0,2024-05-13
50304,1,1013,2,120.0,240.0,2024-10-31
50305,4,1009,10,85.0,850.0,2024-07-08
50306,1,1004,6,180.0,1080.0,2024-01-20
50307,3,1005,9,185.0,1665.0,2024-09-20
50308,4,1008,6,65.0,390.0,2024-06-12
50309,4,1005,1,185.0,185.0,2024-01-03
50310,5,1004,9,180.0,1620.0,2024-05-11
50311,5,1007,6,45.0,270.0,2024-10-05
50312,4,1001,1,450.0,450.0,2024-09-07
50313,3,1001,10,450.0,4500.0,2024-03-10
50314,2,1006,3,120.0,360.0,2024-12-15
50315,1,1009,5,85.0,425.0,2024-06-18
50316,4,1004,2,180.0,360.0,2024-06-25
50317,4,1002,3,35.0,105.0,2024-02-11
50318,4,1013,9,120.0,1080.0,2024-05-22
50319,4,1006,8,120.0,960.0,2024-12-25
50320,4,1007,1,45.0,45.0,2024-12-07
50321,4,1003,2,55.0,110.0,2024-07-19
50322,2,1005,10,185.0,1850.0,2024-04-26
50323,4,1009,8,85.0,680.0,2024-08-06
50324,2,1001,7,450.0,3150.0,2024-04-06
50325,5,1014,8,35.0,280.0,2024-12-21
50326,4,1007,2,45.0,90.0,2024-08-25
50327,2,1005,8,185.0,1480.0,2024-08-30
50328,3,1010,9,25.0,225.0,2024-04-09
50329,2,1007,2,45.0,90.0,2024-12-23
50330,4,1004,1,180.0,180.0,2024-04-07
50331,2,1008,8,65.0,520.0,2024-01-05
50332,1,1003,1,55.0,55.0,2024-01-06
50333,1,1014,6,35.0,210.0,2024-08-01
50334,4,1007,8,45.0,360.0,2024-09-26
50335,5,1013,6,120.0,720.0,2024-10-03
50336,4,1008,9,65.0,585.0,2024-11-16
50337,2,1014,2,35.0,70.0,2024-05-08
50338,5,1013,7,120.0,840.0,2024-01-07
50339,1,1013,10,120.0,1200.0,2024-03-30
50340,1,1011,9,30.0,270.0,2024-12-09
50341,5,1005,6,185.0,1110.0,2024-02-01
50342,2,1002,8,35.0,280.0,2024-07-20
50343,5,1001,9,450.0,4050.0,2024-12-08
50344,3,1006,1,120.0,120.0,2024-09-30
50345,5,1011,10,30.0,300.0,2024-06-21
50346,2,1006,10,120.0,1200.0,2024-09-28
50347,1,1010,6,25.0,150.0,2024-04-21
50348,4,1014,9,35.0,315.0,2024-04-28
50349,4,1008,1,65.0,65.0,2024-07-15
50350,5,1014,3,35.0,105.0,2024-04-13
50351,3,1007,8,45.0,360.0,2024-01-21
50352,4,1004,9,180.0,1620.0,2024-07-25
50353,4,1001,5,450.0,2250.0,2024-01-08
50354,1,1008,5,65.0,325.0,2024-08-14
50355,1,1010,4,25.0,100.0,2024-10-31
50356,1,1004,2,180.0,360.0,2024-04-17
50357,4,1011,7,30.0,210.0,2024-06-06
50358,1,1002,7,35.0,245.0,2024-02-01
50359,1,1012,3,40.0,120.0,2024-12-18
50360,5,1011,7,30.0,210.0,2024-06-15
50361,2,1005,10,185.0,1850.0,2024-08-14
50362,4,1007,5,45.0,225.0,2024-05-03
50363,5,1014,9,35.0,315.0,2024-05-27
50364,2,1006,6,120.0,720.0,2024-12-21
50365,2,1005,6,185.0,1110.0,2024-12-15
50366,1,1011,7,30.0,210.0,2024-07-14
50367,2,1013,2,120.0,240.0,2024-01-11
50368,4,1002,9,35.0,315.0,2024-05-18
50369,4,1004,3,180.0,540.0,2024-12-30
50370,4,1013,2,120.0,240.0,2024-05-20
50371,2,1010,10,25.0,250.0,2024-11-23
50372,2,1006,1,120.0,120.0,2024-12-07
50373,3,1014,3,35.0,105.0,2024-09-26
50374,3,1001,1,450.0,450.0,2024-08-20
50375,5,1005,6,185.0,1110.0,2024-01-27
50376,5,1001,5,450.0,2250.0,2024-05-14
50377,5,1014,1,35.0,35.0,2024-03-01
50378,5,1012,1,40.0,40.0,2024-12-17
50379,2,1001,5,450.0,2250.0,2024-03-12
50380,5,1012,7,40.0,280.0,2024-01-11
50381,3,1010,5,25.0,125.0,2024-03-25
50382,2,1004,7,180.0,1260.0,2024-04-12
50383,3,1006,4,120.0,480.0,2024-10-20
50384,2,1010,2,25.0,50.0,2024-04-20
50385,5,1004,9,180.0,1620.0,2024-04-23
50386,4,1002,5,35.0,175.0,2024-01-20
50387,4,1011,1,30.0,30.0,2024-02-22
50388,5,1014,2,35.0,70.0,2024-06-30
50389,3,1001,4,450.0,1800.0,2024-12-14
50390,3,1001,9,450.0,4050.0,2024-07-22
50391,1,1005,1,185.0,185.0,2024-05-19
50392,2,1003,5,55.0,275.0,2024-08-13
50393,4,1014,7,35.0,245.0,2024-09-29
50394,2,1005,10,185.0,1850.0,2024-09-24
50395,3,1004,6,180.0,1080.0,2024-09-29
50396,3,1014,6,35.0,210.0,2024-08-23
50397,1,1009,4,85.0,340.0,2024-02-26
50398,2,1011,10,30.0,300.0,2024-10-29
50399,5,1004,8,180.0,1440.0,2024-01-22
50400,5,1004,10,180.0,1800.0,2024-11-21
50401,5,1014,2,35.0,70.0,2024-06-25
50402,1,1001,6,450.0,2700.0,2024-11-15
50403,4,1005,6,185.0,1110.0,2024-10-08
50404,3,1001,1,450.0,450.0,2024-07-02
50405,1,1007,8,45.0,360.0,2024-04-14
50406,2,1003,8,55.0,440.0,2024-11-25
50407,2,1012,9,40.0,360.0,2024-01-30
50408,1,1003,4,55.0,220.0,2024-07-25
50409,5,1012,8,40.0,320.0,2024-02-15
50410,1,1011,9,30.0,270.0,2024-09-25
50411,4,1013,2,120.0,240.0,2024-06-16
50412,4,1012,6,40.0,240.0,2024-10-24
50413,5,1013,7,120.0,840.0,2024-08-23
50414,2,1001,3,450.0,1350.0,2024-01-20
50415,3,1014,2,35.0,70.0,2024-11-02
50416,2,1013,2,120.0,240.0,2024-09-15
50417,5,1001,5,450.0,2250.0,2024-01-01
50418,5,1010,5,25.0,125.0,2024-11-06
50419,4,1013,5,120.0,600.0,2024-05-09
50420,2,1007,1,45.0,45.0,2024-11-21
50421,3,1012,3,40.0,120.0,2024-07-05
50422,4,1011,3,30.0,90.0,2024-11-20
50423,2,1001,1,450.0,450.0,2024-09-17
50424,3,1007,9,45.0,405.0,2024-06-04
50425,4,1014,5,35.0,175.0,2024-07-20
50426,2,1007,7,45.0,315.0,2024-06-07
50427,4,1010,3,25.0,75.0,2024-08-21
50428,3,1007,3,45.0,135.0,2024-11-22
50429,1,1006,6,120.0,720.0,2024-09-25
50430,1,1003,4,55.0,220.0,2024-11-04
50431,4,1004,10,180.0,1800.0,2024-06-18
50432,3,1010,7,25.0,175.0,2024-04-19
50433,4,1008,5,65.0,325.0,2024-01-31
50434,4,1004,1,180.0,180.0,2024-04-14
50435,5,1011,8,30.0,240.0,2024-10-11
50436,1,1011,6,30.0,180.0,2024-02-02
50437,2,1004,5,180.0,900.0,2024-06-09
50438,1,1004,2,180.0,360.0,2024-05-18
50439,5,1001,3,450.0,1350.0,2024-08-29
50440,4,1013,7,120.0,840.0,2024-11-02
50441,4,1007,7,45.0,315.0,2024-05-22
50442,5,1010,1,25.0,25.0,2024-02-07
50443,5,1007,8,45.0,360.0,2024-08-22
50444,3,1007,1,45.0,45.0,2024-06-11
50445,3,1003,8,55.0,440.0,2024-10-13
50446,4,1011,7,30.0,210.0,2024-08-05
50447,5,1010,6,25.0,150.0,2024-06-16
50448,1,1005,4,185.0,740.0,2024-12-15
50449,1,1005,8,185.0,1480.0,2024-04-17
50450,4,1002,9,35.0,315.0,2024-03-15
50451,2,1001,9,450.0,4050.0,2024-06-23
50452,1,1009,6,85.0,510.0,2024-08-15
50453,4,1002,3,35.0,105.0,2024-06-11
50454,1,1003,5,55.0,275.0,2024-07-30
50455,2,1014,4,35.0,140.0,2024-06-16
50456,4,1007,10,45.0,450.0,2024-09-11
50457,1,1009,4,85.0,340.0,2024-08-12
50458,2,1005,4,185.0,740.0,2024-01-12
50459,5,1003,6,55.0,330.0,2024-09-11
50460,3,1012,6,40.0,240.0,2024-10-03
50461,4,1006,6,120.0,720.0,2024-09-22
50462,5,1014,6,35.0,210.0,2024-03-05
50463,1,1004,2,180.0,360.0,2024-05-15
50464,2,1007,6,45.0,270.0,2024-01-16
50465,4,1013,6,120.0,720.0,2024-12-03
50466,4,1010,10,25.0,250.0,2024-07-08
50467,2,1003,5,55.0,275.0,2024-08-31
50468,4,1004,4,180.0,720.0,2024-11-29
50469,4,1004,3,180.0,540.0,2024-06-10
50470,4,1009,6,85.0,510.0,2024-04-15
50471,4,1002,3,35.0,105.0,2024-03-25
50472,5,1011,8,30.0,240.0,2024-10-03
50473,2,1013,7,120.0,840.0,2024-09-23
50474,4,1013,9,120.0,1080.0,2024-11-20
50475,3,1012,8,40.0,320.0,2024-12-29
50476,5,1005,5,185.0,925.0,2024-02-20
50477,1,1006,9,120.0,1080.0,2024-05-26
50478,4,1003,2,55.0,110.0,2024-03-25
50479,4,1002,9,35.0,315.0,2024-04-09
50480,1,1009,5,85.0,425.0,2024-06-14
50481,3,1006,4,120.0,480.0,2024-03-01
50482,5,1007,6,45.0,270.0,2024-11-23
50483,4,1013,1,120.0,120.0,2024-08-18
50484,2,1007,4,45.0,180.0,2024-08-29
50485,3,1002,8,35.0,280.0,2024-02-23
50486,4,1003,2,55.0,110.0,2024-07-09
50487,3,1009,3,85.0,255.0,2024-10-01
50488,1,1012,1,40.0,40.0,2024-07-30
50489,1,1006,8,120.0,960.0,2024-06-22
50490,5,1004,2,180.0,360.0,2024-03-12
50491,5,1012,8,40.0,320.0,2024-12-03
50492,2,1002,6,35.0,210.0,2024-06-30
50493,4,1008,7,65.0,455.0,2024-08-07
50494,2,1011,4,30.0,120.0,2024-03-07
50495,4,1011,2,30.0,60.0,2024-03-15
50496,1,1007,5,45.0,225.0,2024-01-20
50497,4,1004,4,180.0,720.0,2024-10-09
50498,5,1009,6,85.0,510.0,2024-08-24
50499,2,1004,6,180.0,1080.0,2024-10-19
50500,4,1006,10,120.0,1200.0,2024-01-23
60500,4,1006,10,120.0,1200.0,2024-01-23
50501,5,1010,7,25.0,175.0,2024-04-17
50502,1,1014,7,35.0,245.0,2024-02-07
50503,3,1014,3,35.0,105.0,2024-05-27
50504,3,1009,9,85.0,765.0,2024-06-18
50505,2,1001,10,450.0,4500.0,2024-04-25
50506,2,1009,1,85.0,85.0,2024-08-29
50507,2,1007,3,45.0,135.0,2024-03-08
50508,5,1014,5,35.0,175.0,2024-10-16
50509,5,1005,7,185.0,1295.0,2024-06-15
50510,3,1004,5,180.0,900.0,2024-09-18
50511,2,1012,6,40.0,240.0,2024-09-27
50512,2,1001,4,450.0,1800.0,2024-05-24
50513,1,1002,7,35.0,245.0,2024-11-17
50514,4,1014,3,35.0,105.0,2024-12-03
50515,1,1009,7,85.0,595.0,2024-05-03
50516,5,1009,5,85.0,425.0,2024-05-15
50517,3,1005,7,185.0,1295.0,2024-10-21
50518,2,1013,6,120.0,720.0,2024-12-15
50519,2,1006,7,120.0,840.0,2024-09-20
50520,3,1002,7,35.0,245.0,2024-04-12
50521,2,1008,3,65.0,195.0,2024-06-17
50522,3,1012,8,40.0,320.0,2024-11-27
50523,2,1004,10,180.0,1800.0,2024-02-04
50524,3,1002,6,35.0,210.0,2024-06-19
50525,4,1005,10,185.0,1850.0,2024-01-25
50526,3,1003,7,55.0,385.0,2024-12-13
50527,2,1009,8,85.0,680.0,2024-09-20
50528,2,1010,6,25.0,150.0,2024-06-13
50529,2,1005,8,185.0,1480.0,2024-09-12
50530,4,1013,1,120.0,120.0,2024-03-26
50531,2,1008,8,65.0,520.0,2024-08-11
50532,5,1011,9,30.0,270.0,2024-08-28
50533,4,1004,10,180.0,1800.0,2024-04-20
50534,5,1005,4,185.0,740.0,2024-12-13
50535,4,1006,9,120.0,1080.0,2024-08-18
50536,5,1002,4,35.0,140.0,2024-01-27
50537,2,1003,10,55.0,550.0,2024-08-15
50538,3,1003,2,55.0,110.0,2024-03-11
50539,3,1002,1,35.0,35.0,2024-03-25
50540,4,1001,3,450.0,1350.0,2024-11-09
50541,5,1002,9,35.0,315.0,2024-08-10
50542,1,1011,2,30.0,60.0,2024-02-12
50543,3,1004,1,180.0,180.0,2024-12-21
50544,1,1008,9,65.0,585.0,2024-06-26
50545,2,1007,9,45.0,405.0,2024-01-08
50546,1,1003,6,55.0,330.0,2024-09-04
50547,4,1005,7,185.0,1295.0,2024-05-19
50548,2,1007,1,45.0,45.0,2024-12-14
50549,3,1009,6,85.0,510.0,2024-06-16
50550,5,1006,3,120.0,360.0,2024-02-12
50551,2,1011,6,30.0,180.0,2024-12-22
50552,1,1005,4,185.0,740.0,2024-11-19
50553,2,1005,3,185.0,555.0,2024-03-09
50554,3,1014,4,35.0,140.0,2024-04-30
50555,5,1004,2,180.0,360.0,2024-02-14
50556,4,1010,7,25.0,175.0,2024-01-04
50557,3,1007,9,45.0,405.0,2024-12-11
50558,5,1007,10,45.0,450.0,2024-02-12
50559,3,1002,6,35.0,210.0,2024-03-12
50560,2,1008,9,65.0,585.0,2024-01-30
50561,1,1014,4,35.0,140.0,2024-11-13
50562,1,1011,3,30.0,90.0,2024-10-11
50563,5,1003,5,55.0,275.0,2024-02-19
50564,1,1008,2,65.0,130.0,2024-08-27
50565,5,1007,10,45.0,450.0,2024-10-03
50566,1,1010,2,25.0,50.0,2024-12-19
50567,5,1004,8,180.0,1440.0,2024-12-12
50568,5,1009,3,85.0,255.0,2024-12-06
50569,2,1013,1,120.0,120.0,2024-02-29
50570,3,1010,2,25.0,50.0,2024-09-28
50571,2,1013,4,120.0,480.0,2024-05-05
50572,2,1006,1,120.0,120.0,2024-05-22
50573,1,1014,8,35.0,280.0,2024-09-08
50574,5,1009,4,85.0,340.0,2024-04-18
50575,5,1003,5,55.0,275.0,2024-02-09
50576,4,1002,2,35.0,70.0,2024-01-09
50577,2,1013,3,120.0,360.0,2024-05-04
50578,3,1001,9,450.0,4050.0,2024-11-23
50579,5,1008,7,65.0,455.0,2024-10-15
50580,5,1001,7,450.0,3150.0,2024-06-23
50581,2,1007,10,45.0,450.0,2024-10-23
50582,5,1009,3,85.0,255.0,2024-05-27
50583,1,1001,2,450.0,900.0,2024-06-27
50584,2,1014,2,35.0,70.0,2024-01-08
50585,2,1006,6,120.0,720.0,2024-11-03
50586,2,1006,4,120.0,480.0,2024-09-06
50587,3,1009,9,85.0,765.0,2024-01-28
50588,3,1008,4,65.0,260.0,2024-02-03
50589,2,1002,4,35.0,140.0,2024-09-15
50590,1,1011,10,30.0,300.0,2024-01-23
50591,3,1014,4,35.0,140.0,2024-08-23
50592,1,1013,4,120.0,480.0,2024-04-14
50593,3,1008,4,65.0,260.0,2024-12-08
50594,3,1014,1,35.0,35.0,2024-07-19
50595,4,1011,9,30.0,270.0,2024-05-08
50596,3,1013,4,120.0,480.0,2024-11-14
50597,4,1007,9,45.0,405.0,2024-10-26
50598,5,1014,3,35.0,105.0,2024-10-29
50599,4,1002,1,35.0,35.0,2024-10-06
50600,5,1004,7,180.0,1260.0,2024-07-07
50601,5,1010,9,25.0,225.0,2024-10-07
50602,2,1004,6,180.0,1080.0,2024-10-13
50603,2,1009,1,85.0,85.0,2024-03-15
50604,4,1004,5,180.0,900.0,2024-10-04
50605,1,1004,3,180.0,540.0,2024-04-13
50606,3,1011,1,30.0,30.0,2024-06-12
50607,1,1002,5,35.0,175.0,2024-08-05
50608,1,1003,4,55.0,220.0,2024-09-21
50609,2,1003,10,55.0,550.0,2024-09-10
50610,4,1001,4,450.0,1800.0,2024-12-22
50611,5,1007,3,45.0,135.0,2024-04-30
50612,3,1001,4,450.0,1800.0,2024-08-05
50613,3,1002,5,35.0,175.0,2024-07-23
50614,4,1011,10,30.0,300.0,2024-12-05
50615,2,1014,5,35.0,175.0,2024-10-17
50616,1,1008,9,65.0,585.0,2024-02-26
50617,3,1004,5,180.0,900.0,2024-12-01
50618,1,1011,10,30.0,300.0,2024-04-26
50619,5,1011,4,30.0,120.0,2024-08-27
50620,5,1003,9,55.0,495.0,2024-04-12
50621,1,1003,9,55.0,495.0,2024-12-06
50622,4,1008,3,65.0,195.0,2024-06-17
50623,1,1014,5,35.0,175.0,2024-06-15
50624,3,1014,6,35.0,210.0,2024-12-25
50625,4,1011,10,30.0,300.0,2024-04-14
50626,4,1005,10,185.0,1850.0,2024-12-02
50627,4,1001,9,450.0,4050.0,2024-04-05
50628,5,1010,1,25.0,25.0,2024-03-03
50629,3,1013,6,120.0,720.0,2024-09-04
50630,4,1004,8,180.0,1440.0,2024-03-24
50631,2,1006,9,120.0,1080.0,2024-05-25
50632,2,1002,5,35.0,175.0,2024-02-03
50633,2,1014,10,35.0,350.0,2024-12-07
50634,3,1001,1,450.0,450.0,2024-10-11
50635,4,1002,7,35.0,245.0,2024-07-30
50636,1,1002,7,35.0,245.0,2024-02-05
50637,3,1010,7,25.0,175.0,2024-07-04
50638,2,1009,7,85.0,595.0,2024-05-02
50639,5,1013,4,120.0,480.0,2024-02-20
50640,5,1004,1,180.0,180.0,2024-10-08
50641,3,1009,8,85.0,680.0,2024-05-13
50642,5,1008,3,65.0,195.0,2024-02-15
50643,4,1010,3,25.0,75.0,2024-03-27
50644,3,1002,4,35.0,140.0,2024-11-04
50645,5,1011,1,30.0,30.0,2024-07-19
50646,4,1002,3,35.0,105.0,2024-08-07
50647,4,1013,7,120.0,840.0,2024-05-17
50648,3,1004,5,180.0,900.0,2024-09-23
50649,2,1001,5,450.0,2250.0,2024-10-25
50650,3,1010,9,25.0,225.0,2024-11-14
50651,5,1004,10,180.0,1800.0,2024-03-18
50652,4,1007,2,45.0,90.0,2024-12-12
50653,5,1006,6,120.0,720.0,2024-11-07
50654,2,1005,5,185.0,925.0,2024-08-12
50655,2,1010,10,25.0,250.0,2024-08-02
50656,1,1009,2,85.0,170.0,2024-03-12
50657,5,1004,7,180.0,1260.0,2024-04-23
50658,1,1013,6,120.0,720.0,2024-05-14
50659,2,1007,1,45.0,45.0,2024-10-29
50660,5,1007,3,45.0,135.0,2024-03-09
50661,3,1010,8,25.0,200.0,2024-11-27
50662,4,1005,1,185.0,185.0,2024-02-20
50663,2,1009,10,85.0,850.0,2024-12-24
50664,3,1014,1,35.0,35.0,2024-05-29
50665,1,1014,5,35.0,175.0,2024-11-21
50666,1,1002,9,35.0,315.0,2024-06-16
50667,5,1011,9,30.0,270.0,2024-06-11
50668,5,1010,10,25.0,250.0,2024-02-11
50669,3,1010,9,25.0,225.0,2024-07-12
50670,1,1010,8,25.0,200.0,2024-12-22
50671,1,1014,6,35.0,210.0,2024-01-04
50672,5,1004,3,180.0,540.0,2024-06-12
50673,1,1009,4,85.0,340.0,2024-08-30
50674,2,1011,5,30.0,150.0,2024-06-26
50675,1,1007,1,45.0,45.0,2024-04-27
50676,4,1014,7,35.0,245.0,2024-05-25
50677,1,1001,7,450.0,3150.0,2024-07-23
50678,4,1005,5,185.0,925.0,2024-04-13
50679,4,1012,7,40.0,280.0,2024-02-22
50680,5,1009,9,85.0,765.0,2024-12-14
50681,5,1013,8,120.0,960.0,2024-06-15
50682,2,1006,4,120.0,480.0,2024-04-12
50683,1,1012,3,40.0,120.0,2024-03-14
50684,2,1007,6,45.0,270.0,2024-06-02
50685,4,1010,9,25.0,225.0,2024-08-25
50686,2,1014,1,35.0,35.0,2024-12-11
50687,3,1014,5,35.0,175.0,2024-01-30
50688,2,1003,4,55.0,220.0,2024-12-16
50689,4,1012,10,40.0,400.0,2024-11-05
50690,3,1011,6,30.0,180.0,2024-06-29
50691,3,1006,7,120.0,840.0,2024-08-05
50692,1,1011,10,30.0,300.0,2024-10-28
50693,2,1005,6,185.0,1110.0,2024-09-15
50694,2,1004,1,180.0,180.0,2024-09-30
50695,1,1002,9,35.0,315.0,2024-08-31
50696,2,1009,5,85.0,425.0,2024-01-01
50697,4,1007,5,45.0,225.0,2024-02-27
50698,3,1001,4,450.0,1800.0,2024-01-21
50699,2,1004,4,180.0,720.0,2024-03-26
50700,2,1012,6,40.0,240.0,2024-04-14
50701,1,1013,4,120.0,480.0,2024-04-08
50702,1,1009,5,85.0,425.0,2024-03-25
50703,4,1006,8,120.0,960.0,2024-05-04
50704,4,1013,6,120.0,720.0,2024-04-02
50705,4,1007,10,45.0,450.0,2024-07-02
50706,5,1001,2,450.0,900.0,2024-05-09
50707,3,1010,4,25.0,100.0,2024-10-12
50708,5,1004,1,180.0,180.0,2024-10-22
50709,4,1003,7,55.0,385.0,2024-01-19
50710,1,1007,3,45.0,135.0,2024-11-28
50711,5,1014,9,35.0,315.0,2024-07-06
50712,2,1005,10,185.0,1850.0,2024-05-12
50713,3,1014,1,35.0,35.0,2024-03-25
50714,4,1008,1,65.0,65.0,2024-01-28
50715,2,1011,3,30.0,90.0,2024-07-03
50716,1,1009,4,85.0,340.0,2024-04-09
50717,2,1008,3,65.0,195.0,2024-08-10
50718,4,1014,9,35.0,315.0,2024-07-29
50719,2,1011,6,30.0,180.0,2024-04-13
50720,4,1003,1,55.0,55.0,2024-11-11
50721,2,1012,10,40.0,400.0,2024-11-28
50722,3,1011,3,30.0,90.0,2024-03-12
50723,5,1013,6,120.0,720.0,2024-11-16
50724,1,1012,8,40.0,320.0,2024-06-26
50725,1,1010,3,25.0,75.0,2024-04-06
50726,5,1011,7,30.0,210.0,2024-07-05
50727,1,1012,4,40.0,160.0,2024-11-08
50728,5,1003,5,55.0,275.0,2024-03-13
50729,3,1011,1,30.0,30.0,2024-06-21
50730,1,1008,9,65.0,585.0,2024-02-06
50731,3,1001,8,450.0,3600.0,2024-03-16
50732,2,1005,10,185.0,1850.0,2024-11-28
50733,2,1012,6,40.0,240.0,2024-01-03
50734,2,1008,4,65.0,260.0,2024-03-23
50735,3,1011,4,30.0,120.0,2024-02-02
50736,3,1005,2,185.0,370.0,2024-02-03
50737,4,1011,3,30.0,90.0,2024-10-22
50738,3,1007,6,45.0,270.0,2024-01-15
50739,4,1003,9,55.0,495.0,2024-04-26
50740,4,1007,1,45.0,45.0,2024-02-27
50741,4,1003,6,55.0,330.0,2024-10-25
50742,5,1013,8,120.0,960.0,2024-08-01
50743,3,1013,6,120.0,720.0,2024-09-19
50744,4,1003,1,55.0,55.0,2024-01-18
50745,2,1009,3,85.0,255.0,2024-11-26
50746,2,1007,5,45.0,225.0,2024-04-28
50747,4,1009,7,85.0,595.0,2024-03-25
50748,5,1014,8,35.0,280.0,2024-03-19
50749,5,1010,8,25.0,200.0,2024-10-18
50750,4,1006,8,120.0,960.0,2024-02-21
50751,2,1009,2,85.0,170.0,2024-04-11
50752,1,1006,3,120.0,360.0,2024-04-22
50753,1,1002,5,35.0,175.0,2024-03-26
50754,1,1008,8,65.0,520.0,2024-11-01
50755,1,1012,4,40.0,160.0,2024-08-08
50756,2,1013,1,120.0,120.0,2024-01-17
50757,2,1009,1,85.0,85.0,2024-03-17
50758,4,1002,8,35.0,280.0,2024-05-05
50759,2,1011,4,30.0,120.0,2024-05-14
50760,5,1003,6,55.0,330.0,2024-09-23
50761,3,1006,2,120.0,240.0,2024-10-12
50762,3,1009,8,85.0,680.0,2024-08-01
50763,1,1014,9,35.0,315.0,2024-02-07
50764,3,1005,4,185.0,740.0,2024-02-28
50765,4,1010,5,25.0,125.0,2024-07-17
50766,4,1009,1,85.0,85.0,2024-05-11
50767,2,1004,4,180.0,720.0,2024-12-29
50768,5,1014,6,35.0,210.0,2024-02-24
50769,2,1012,9,40.0,360.0,2024-10-08
50770,2,1013,10,120.0,1200.0,2024-12-19
50771,3,1005,2,185.0,370.0,2024-02-23
50772,2,1001,2,450.0,900.0,2024-08-31
50773,4,1004,9,180.0,1620.0,2024-02-27
50774,5,1002,9,35.0,315.0,2024-07-05
50775,1,1008,4,65.0,260.0,2024-12-23
50776,1,1001,6,450.0,2700.0,2024-06-20
50777,2,1005,9,185.0,1665.0,2024-07-08
50778,2,1012,5,40.0,200.0,2024-10-31
50779,1,1007,10,45.0,450.0,2024-04-16
50780,3,1004,7,180.0,1260.0,2024-11-17
50781,3,1003,1,55.0,55.0,2024-09-04
50782,3,1011,2,30.0,60.0,2024-10-03
50783,3,1001,2,450.0,900.0,2024-03-15
50784,3,1002,9,35.0,315.0,2024-07-30
50785,1,1011,9,30.0,270.0,2024-12-19
50786,4,1003,7,55.0,385.0,2024-03-12
50787,1,1006,2,120.0,240.0,2024-01-20
50788,2,1014,9,35.0,315.0,2024-03-18
50789,5,1011,9,30.0,270.0,2024-02-11
50790,4,1005,3,185.0,555.0,2024-03-29
50791,5,1004,8,180.0,1440.0,2024-01-13
50792,4,1003,8,55.0,440.0,2024-07-05
50793,2,1011,7,30.0,210.0,2024-01-21
50794,3,1009,7,85.0,595.0,2024-02-26
50795,1,1013,4,120.0,480.0,2024-12-28
50796,3,1007,9,45.0,405.0,2024-09-25
50797,2,1009,10,85.0,850.0,2024-09-03
50798,1,1002,4,35.0,140.0,2024-08-26
50799,4,1006,2,120.0,240.0,2024-07-14
50800,3,1006,4,120.0,480.0,2024-01-04
50801,3,1009,4,85.0,340.0,2024-06-08
50802,5,1014,4,35.0,140.0,2024-01-07
50803,3,1006,4,120.0,480.0,2024-10-14
50804,4,1006,7,120.0,840.0,2024-10-29
50805,5,1007,8,45.0,360.0,2024-08-30
50806,3,1010,8,25.0,200.0,2024-05-15
50807,1,1007,7,45.0,315.0,2024-04-26
50808,5,1005,2,185.0,370.0,2024-02-07
50809,3,1005,8,185.0,1480.0,2024-11-08
50810,3,1005,2,185.0,370.0,2024-06-19
50811,1,1006,8,120.0,960.0,2024-11-15
50812,4,1008,2,65.0,130.0,2024-09-21
50813,4,1013,3,120.0,360.0,2024-10-11
50814,3,1004,5,180.0,900.0,2024-06-08
50815,4,1004,8,180.0,1440.0,2024-07-28
50816,4,1001,10,450.0,4500.0,2024-11-09
50817,1,1009,2,85.0,170.0,2024-06-20
50818,4,1009,4,85.0,340.0,2024-10-04
50819,2,1009,10,85.0,850.0,2024-01-29
50820,1,1006,6,120.0,720.0,2024-03-09
50821,1,1014,9,35.0,315.0,2024-04-08
50822,2,1004,4,180.0,720.0,2024-08-29
50823,2,1007,1,45.0,45.0,2024-08-07
50824,5,1009,10,85.0,850.0,2024-12-08
50825,5,1002,9,35.0,315.0,2024-05-14
50826,3,1004,8,180.0,1440.0,2024-08-07
50827,3,1011,3,30.0,90.0,2024-07-10
50828,2,1003,6,55.0,330.0,2024-07-23
50829,5,1012,3,40.0,120.0,2024-02-20
50830,2,1003,10,55.0,550.0,2024-03-10
50831,2,1003,3,55.0,165.0,2024-08-30
50832,1,1002,8,35.0,280.0,2024-03-22
50833,5,1009,1,85.0,85.0,2024-10-24
50834,5,1009,8,85.0,680.0,2024-05-16
50835,3,1012,8,40.0,320.0,2024-05-20
50836,1,1014,10,35.0,350.0,2024-02-22
50837,1,1001,7,450.0,3150.0,2024-12-11
50838,2,1012,4,40.0,160.0,2024-02-06
50839,2,1003,10,55.0,550.0,2024-02-24
50840,4,1013,9,120.0,1080.0,2024-12-17
50841,3,1005,8,185.0,1480.0,2024-01-15
50842,2,1007,1,45.0,45.0,2024-04-03
50843,3,1012,6,40.0,240.0,2024-06-03
50844,1,1006,4,120.0,480.0,2024-09-08
50845,5,1010,3,25.0,75.0,2024-05-01
50846,2,1014,8,35.0,280.0,2024-12-14
50847,4,1001,2,450.0,900.0,2024-05-20
50848,1,1006,5,120.0,600.0,2024-05-24
50849,3,1007,10,45.0,450.0,2024-03-17
50850,5,1014,7,35.0,245.0,2024-03-18
50851,4,1013,3,120.0,360.0,2024-03-21
50852,2,1014,7,35.0,245.0,2024-09-15
50853,3,1005,9,185.0,1665.0,2024-08-12
50854,5,1003,8,55.0,440.0,2024-11-14
50855,3,1008,1,65.0,65.0,2024-05-10
50856,3,1003,3,55.0,165.0,2024-09-28
50857,5,1008,9,65.0,585.0,2024-01-02
50858,2,1002,3,35.0,105.0,2024-11-21
50859,3,1002,8,35.0,280.0,2024-05-10
50860,2,1002,3,35.0,105.0,2024-09-29
50861,4,1005,1,185.0,185.0,2024-02-03
50862,5,1012,2,40.0,80.0,2024-08-04
50863,5,1012,1,40.0,40.0,2024-11-09
50864,2,1004,4,180.0,720.0,2024-05-20
50865,4,1006,7,120.0,840.0,2024-03-15
50866,1,1005,7,185.0,1295.0,2024-08-05
50867,2,1009,5,85.0,425.0,2024-03-30
50868,5,1009,2,85.0,170.0,2024-04-09
50869,3,1001,5,450.0,2250.0,2024-03-15
50870,3,1013,9,120.0,1080.0,2024-07-12
50871,5,1004,7,180.0,1260.0,2024-10-12
50872,4,1014,3,35.0,105.0,2024-03-01
50873,5,1014,9,35.0,315.0,2024-08-01
50874,5,1006,2,120.0,240.0,2024-02-01
50875,4,1004,2,180.0,360.0,2024-07-06
50876,3,1011,6,30.0,180.0,2024-08-23
50877,5,1005,5,185.0,925.0,2024-10-24
50878,1,1014,9,35.0,315.0,2024-05-05
50879,1,1001,2,450.0,900.0,2024-04-09
50880,4,1011,8,30.0,240.0,2024-06-10
50881,5,1007,2,45.0,90.0,2024-06-04
50882,2,1009,3,85.0,255.0,2024-05-19
50883,2,1014,10,35.0,350.0,2024-10-07
50884,4,1006,9,120.0,1080.0,2024-01-21
50885,3,1012,3,40.0,120.0,2024-07-13
50886,1,1001,9,450.0,4050.0,2024-05-07
50887,2,1008,8,65.0,520.0,2024-01-09
50888,3,1004,1,180.0,180.0,2024-06-05
50889,2,1009,5,85.0,425.0,2024-11-18
50890,3,1005,7,185.0,1295.0,2024-09-07
50891,5,1012,8,40.0,320.0,2024-06-05
50892,3,1013,6,120.0,720.0,2024-10-09
50893,5,1009,9,85.0,765.0,2024-10-03
50894,2,1014,3,35.0,105.0,2024-04-07
50895,3,1014,9,35.0,315.0,2024-09-06
50896,3,1002,2,35.0,70.0,2024-12-17
50897,3,1001,6,450.0,2700.0,2024-04-05
50898,2,1006,5,120.0,600.0,2024-08-31
50899,1,1008,5,65.0,325.0,2024-06-04
50900,1,1010,10,25.0,250.0,2024-03-17
50901,4,1010,9,25.0,225.0,2024-07-13
50902,1,1004,6,180.0,1080.0,2024-08-29
50903,5,1005,1,185.0,185.0,2024-05-29
50904,3,1008,2,65.0,130.0,2024-05-09
50905,3,1003,2,55.0,110.0,2024-12-25
50906,2,1006,9,120.0,1080.0,2024-10-26
50907,5,1008,1,65.0,65.0,2024-10-12
50908,1,1006,7,120.0,840.0,2024-10-08
50909,5,1010,7,25.0,175.0,2024-04-04
50910,3,1002,7,35.0,245.0,2024-11-18
50911,5,1001,7,450.0,3150.0,2024-09-13
50912,2,1002,6,35.0,210.0,2024-04-06
50913,1,1014,3,35.0,105.0,2024-08-24
50914,5,1003,6,55.0,330.0,2024-02-23
50915,5,1004,10,180.0,1800.0,2024-04-26
50916,5,1001,6,450.0,2700.0,2024-03-07
50917,1,1002,9,35.0,315.0,2024-03-31
50918,1,1001,6,450.0,2700.0,2024-01-09
50919,5,1014,2,35.0,70.0,2024-08-06
50920,2,1001,9,450.0,4050.0,2024-07-05
50921,2,1012,3,40.0,120.0,2024-03-01
50922,3,1014,5,35.0,175.0,2024-11-02
50923,4,1008,4,65.0,260.0,2024-06-26
50924,2,1001,7,450.0,3150.0,2024-07-14
50925,3,1002,2,35.0,70.0,2024-02-23
50926,2,1005,9,185.0,1665.0,2024-06-25
50927,5,1010,5,25.0,125.0,2024-01-03
50928,5,1013,9,120.0,1080.0,2024-02-04
50929,1,1007,2,45.0,90.0,2024-04-28
50930,3,1010,3,25.0,75.0,2024-02-15
50931,1,1002,9,35.0,315.0,2024-12-04
50932,5,1006,6,120.0,720.0,2024-10-01
50933,4,1002,9,35.0,315.0,2024-07-20
50934,3,1002,4,35.0,140.0,2024-07-21
50935,3,1007,5,45.0,225.0,2024-12-28
50936,3,1013,1,120.0,120.0,2024-10-19
50937,5,1001,1,450.0,450.0,2024-12-23
50938,2,1002,6,35.0,210.0,2024-08-11
50939,2,1013,8,120.0,960.0,2024-11-17
50940,1,1013,3,120.0,360.0,2024-10-19
50941,5,1012,2,40.0,80.0,2024-08-12
50942,5,1002,8,35.0,280.0,2024-11-26
50943,4,1011,9,30.0,270.0,2024-09-12
50944,2,1001,4,450.0,1800.0,2024-08-15
50945,1,1001,1,450.0,450.0,2024-04-23
50946,4,1007,1,45.0,45.0,2024-06-01
50947,4,1009,8,85.0,680.0,2024-08-03
50948,1,1004,10,180.0,1800.0,2024-12-21
50949,4,1013,3,120.0,360.0,2024-10-06
50950,5,1006,7,120.0,840.0,2024-01-22
50951,4,1007,1,45.0,45.0,2024-01-13
50952,2,1005,7,185.0,1295.0,2024-09-21
50953,1,1012,6,40.0,240.0,2024-06-30
50954,2,1004,4,180.0,720.0,2024-05-07
50955,3,1005,5,185.0,925.0,2024-07-20
50956,1,1008,5,65.0,325.0,2024-05-15
50957,5,1004,10,180.0,1800.0,2024-01-17
50958,5,1007,2,45.0,90.0,2024-02-26
50959,5,1013,1,120.0,120.0,2024-11-12
50960,2,1008,3,65.0,195.0,2024-11-02
50961,5,1008,1,65.0,65.0,2024-03-30
50962,2,1003,5,55.0,275.0,2024-05-29
50963,4,1013,3,120.0,360.0,2024-08-13
50964,2,1006,2,120.0,240.0,2024-08-02
50965,5,1001,4,450.0,1800.0,2024-02-20
50966,2,1012,3,40.0,120.0,2024-10-16
50967,1,1014,2,35.0,70.0,2024-01-20
50968,2,1006,7,120.0,840.0,2024-02-24
50969,5,1004,10,180.0,1800.0,2024-07-23
50970,5,1005,6,185.0,1110.0,2024-02-18
50971,4,1009,8,85.0,680.0,2024-11-27
50972,3,1009,10,85.0,850.0,2024-02-13
50973,5,1006,3,120.0,360.0,2024-06-03
50974,2,1011,5,30.0,150.0,2024-10-03
50975,3,1003,9,55.0,495.0,2024-08-15
50976,3,1010,5,25.0,125.0,2024-03-26
50977,1,1011,9,30.0,270.0,2024-04-28
50978,5,1007,4,45.0,180.0,2024-11-11
50979,5,1009,9,85.0,765.0,2024-12-02
50980,5,1003,2,55.0,110.0,2024-12-08
50981,1,1010,5,25.0,125.0,2024-06-20
50982,4,1014,10,35.0,350.0,2024-12-19
50983,3,1012,4,40.0,160.0,2024-02-04
50984,4,1003,6,55.0,330.0,2024-10-17
50985,1,1005,10,185.0,1850.0,2024-07-10
50986,3,1006,8,120.0,960.0,2024-02-28
50987,4,1001,2,450.0,900.0,2024-11-27
50988,4,1008,8,65.0,520.0,2024-10-13
50989,3,1013,4,120.0,480.0,2024-05-24
50990,5,1002,7,35.0,245.0,2024-01-27
50991,4,1004,7,180.0,1260.0,2024-12-09
50992,4,1009,5,85.0,425.0,2024-06-15
50993,5,1007,9,45.0,405.0,2024-12-26
50994,1,1011,1,30.0,30.0,2024-12-17
50995,4,1009,9,85.0,765.0,2024-06-21
50996,5,1010,1,25.0,25.0,2024-01-12
50997,2,1002,8,35.0,280.0,2024-08-20
50998,1,1014,7,35.0,245.0,2024-07-13
50999,2,1007,2,45.0,90.0,2024-05-07
51000,2,1014,8,35.0,280.0,2024-10-14
61000,2,1014,8,35.0,280.0,2024-10-14
51001,4,1006,8,120.0,960.0,2024-08-31
51002,4,1007,6,45.0,270.0,2024-11-08
51003,2,1001,5,450.0,2250.0,2024-01-15
51004,2,1007,2,45.0,90.0,2024-11-13
51005,1,1004,9,180.0,1620.0,2024-12-12
51006,1,1009,8,85.0,680.0,2024-10-14
51007,5,1014,2,35.0,70.0,2024-10-23
51008,5,1012,2,40.0,80.0,2024-03-20
51009,1,1014,4,35.0,140.0,2024-11-02
51010,3,1007,8,45.0,360.0,2024-05-17
51011,5,1010,10,25.0,250.0,2024-08-01
51012,4,1013,5,120.0,600.0,2024-06-20
51013,3,1002,9,35.0,315.0,2024-10-23
51014,1,1013,6,120.0,720.0,2024-09-15
51015,1,1009,3,85.0,255.0,2024-06-18
51016,2,1001,8,450.0,3600.0,2024-10-07
51017,5,1002,2,35.0,70.0,2024-02-12
51018,2,1010,2,25.0,50.0,2024-04-04
51019,2,1005,4,185.0,740.0,2024-09-04
51020,5,1012,9,40.0,360.0,2024-01-05
51021,3,1010,3,25.0,75.0,2024-01-16
51022,4,1005,10,185.0,1850.0,2024-05-13
51023,2,1010,4,25.0,100.0,2024-01-10
51024,4,1001,4,450.0,1800.0,2024-01-29
51025,2,1009,3,85.0,255.0,2024-07-05
51026,4,1012,5,40.0,200.0,2024-03-17
51027,4,1003,6,55.0,330.0,2024-04-10
51028,4,1004,7,180.0,1260.0,2024-06-15
51029,3,1013,5,120.0,600.0,2024-02-24
51030,2,1001,1,450.0,450.0,2024-10-28
51031,5,1014,7,35.0,245.0,2024-11-15
51032,2,1007,3,45.0,135.0,2024-12-10
51033,1,1004,6,180.0,1080.0,2024-07-11
51034,5,1010,7,25.0,175.0,2024-11-24
51035,1,1009,1,85.0,85.0,2024-04-18
51036,4,1007,2,45.0,90.0,2024-05-02
51037,1,1008,2,65.0,130.0,2024-03-20
51038,3,1013,10,120.0,1200.0,2024-06-25
51039,5,1011,9,30.0,270.0,2024-03-17
51040,5,1010,4,25.0,100.0,2024-09-10
51041,2,1005,2,185.0,370.0,2024-09-25
51042,1,1004,10,180.0,1800.0,2024-11-19
51043,2,1003,10,55.0,550.0,2024-12-05
51044,2,1007,2,45.0,90.0,2024-09-12
51045,2,1001,1,450.0,450.0,2024-11-07
51046,5,1011,6,30.0,180.0,2024-04-17
51047,4,1013,5,120.0,600.0,2024-12-16
51048,4,1013,9,120.0,1080.0,2024-02-02
51049,5,1001,7,450.0,3150.0,2024-11-25
51050,2,1005,4,185.0,740.0,2024-03-25
51051,5,1014,10,35.0,350.0,2024-08-25
51052,3,1013,7,120.0,840.0,2024-01-20
51053,1,1013,5,120.0,600.0,2024-03-08
51054,3,1002,5,35.0,175.0,2024-02-10
51055,4,1008,7,65.0,455.0,2024-07-26
51056,1,1009,4,85.0,340.0,2024-08-19
51057,4,1013,2,120.0,240.0,2024-07-23
51058,1,1010,2,25.0,50.0,2024-11-28
51059,2,1009,3,85.0,255.0,2024-11-24
51060,1,1014,5,35.0,175.0,2024-07-18
51061,5,1014,9,35.0,315.0,2024-08-17
51062,1,1010,6,25.0,150.0,2024-01-23
51063,2,1014,5,35.0,175.0,2024-10-09
51064,4,1001,1,450.0,450.0,2024-04-25
51065,2,1005,2,185.0,370.0,2024-04-30
51066,2,1007,10,45.0,450.0,2024-01-08
51067,2,1014,1,35.0,35.0,2024-01-29
51068,1,1003,2,55.0,110.0,2024-03-30
51069,5,1002,7,35.0,245.0,2024-10-24
51070,4,1012,8,40.0,320.0,2024-11-26
51071,3,1002,2,35.0,70.0,2024-02-08
51072,1,1010,2,25.0,50.0,2024-08-04
51073,4,1005,4,185.0,740.0,2024-01-02
51074,5,1014,3,35.0,105.0,2024-12-27
51075,5,1002,2,35.0,70.0,2024-02-07
51076,5,1010,8,25.0,200.0,2024-10-16
51077,3,1006,6,120.0,720.0,2024-09-17
51078,1,1008,5,65.0,325.0,2024-02-13
51079,2,1002,3,35.0,105.0,2024-06-23
51080,5,1005,6,185.0,1110.0,2024-07-26
51081,3,1011,2,30.0,60.0,2024-01-30
51082,2,1006,6,120.0,720.0,2024-05-22
51083,4,1013,3,120.0,360.0,2024-10-04
51084,1,1001,10,450.0,4500.0,2024-04-26
51085,5,1008,10,65.0,650.0,2024-06-28
51086,2,1006,3,120.0,360.0,2024-05-15
51087,2,1007,2,45.0,90.0,2024-02-29
51088,5,1007,9,45.0,405.0,2024-05-03
51089,5,1001,4,450.0,1800.0,2024-04-16
51090,1,1014,3,35.0,105.0,2024-02-23
51091,2,1007,5,45.0,225.0,2024-06-01
51092,3,1002,1,35.0,35.0,2024-12-29
51093,4,1013,1,120.0,120.0,2024-11-30
51094,5,1013,1,120.0,120.0,2024-04-10
51095,2,1006,8,120.0,960.0,2024-09-29
51096,2,1014,8,35.0,280.0,2024-12-19
51097,5,1007,3,45.0,135.0,2024-01-02
51098,5,1012,6,40.0,240.0,2024-12-10
51099,2,1006,5,120.0,600.0,2024-11-09
51100,4,1013,8,120.0,960.0,2024-11-02
51101,3,1013,4,120.0,480.0,2024-09-06
51102,2,1004,4,180.0,720.0,2024-10-02
51103,4,1014,1,35.0,35.0,2024-01-20
51104,2,1001,5,450.0,2250.0,2024-01-20
51105,2,1007,1,45.0,45.0,2024-12-07
51106,5,1007,10,45.0,450.0,2024-10-05
51107,2,1010,8,25.0,200.0,2024-07-01
51108,4,1007,2,45.0,90.0,2024-08-23
51109,2,1006,3,120.0,360.0,2024-05-07
51110,4,1003,6,55.0,330.0,2024-04-01
51111,2,1005,4,185.0,740.0,2024-01-01
51112,1,1008,4,65.0,260.0,2024-03-29
51113,1,1014,6,35.0,210.0,2024-03-23
51114,4,1008,2,65.0,130.0,2024-10-22
51115,4,1004,9,180.0,1620.0,2024-12-18
51116,3,1009,5,85.0,425.0,2024-10-25
51117,4,1013,6,120.0,720.0,2024-09-13
51118,5,1012,2,40.0,80.0,2024-11-17
51119,5,1010,2,25.0,50.0,2024-08-31
51120,2,1014,7,35.0,245.0,2024-04-13
51121,1,1008,1,65.0,65.0,2024-07-19
51122,3,1001,1,450.0,450.0,2024-09-27
51123,1,1010,3,25.0,75.0,2024-06-08
51124,1,1001,1,450.0,450.0,2024-11-22
51125,3,1001,10,450.0,4500.0,2024-11-04
51126,5,1011,6,30.0,180.0,2024-02-19
51127,1,1005,4,185.0,740.0,2024-07-09
51128,2,1005,1,185.0,185.0,2024-09-29
51129,5,1006,7,120.0,840.0,2024-05-11
51130,2,1006,10,120.0,1200.0,2024-02-21
51131,3,1010,2,25.0,50.0,2024-12-13
51132,1,1010,4,25.0,100.0,2024-10-26
51133,1,1005,5,185.0,925.0,2024-04-03
51134,1,1009,5,85.0,425.0,2024-07-25
51135,3,1001,10,450.0,4500.0,2024-04-05
51136,4,1005,2,185.0,370.0,2024-03-12
51137,3,1014,1,35.0,35.0,2024-05-07
51138,3,1012,9,40.0,360.0,2024-07-08
51139,1,1011,4,30.0,120.0,2024-12-13
51140,3,1007,6,45.0,270.0,2024-12-13
51141,2,1006,3,120.0,360.0,2024-03-31
51142,2,1004,1,180.0,180.0,2024-12-01
51143,5,1009,2,85.0,170.0,2024-07-11
51144,5,1012,7,40.0,280.0,2024-05-10
51145,4,1004,7,180.0,1260.0,2024-06-30
51146,5,1007,7,45.0,315.0,2024-02-19
51147,3,1013,3,120.0,360.0,2024-09-02
51148,1,1012,5,40.0,200.0,2024-08-19
51149,2,1014,7,35.0,245.0,2024-05-27
51150,4,1013,8,120.0,960.0,2024-12-19
51151,3,1006,10,120.0,1200.0,2024-05-06
51152,5,1001,9,450.0,4050.0,2024-03-07
51153,3,1014,2,35.0,70.0,2024-12-09
51154,4,1009,7,85.0,595.0,2024-10-22
51155,4,1012,10,40.0,400.0,2024-06-12
51156,3,1014,4,35.0,140.0,2024-12-07
51157,2,1011,6,30.0,180.0,2024-05-09
51158,5,1005,6,185.0,1110.0,2024-08-08
51159,2,1003,3,55.0,165.0,2024-07-25
51160,2,1014,1,35.0,35.0,2024-09-17
51161,2,1007,9,45.0,405.0,2024-03-01
51162,1,1012,10,40.0,400.0,2024-03-10
51163,5,1007,4,45.0,180.0,2024-06-07
51164,4,1009,7,85.0,595.0,2024-06-10
51165,4,1012,2,40.0,80.0,2024-10-11
51166,3,1012,9,40.0,360.0,2024-10-07
51167,2,1005,6,185.0,1110.0,2024-04-18
51168,2,1012,2,40.0,80.0,2024-01-24
51169,5,1001,8,450.0,3600.0,2024-04-03
51170,1,1012,9,40.0,360.0,2024-02-20
51171,4,1014,10,35.0,350.0,2024-04-24
51172,1,1003,4,55.0,220.0,2024-07-20
51173,4,1005,9,185.0,1665.0,2024-11-03
51174,4,1004,2,180.0,360.0,2024-06-05
51175,1,1006,4,120.0,480.0,2024-01-16
51176,1,1004,2,180.0,360.0,2024-10-17
51177,1,1001,6,450.0,2700.0,2024-07-26
51178,4,1001,5,450.0,2250.0,2024-09-19
51179,3,1013,9,120.0,1080.0,2024-12-10
51180,3,1011,2,30.0,60.0,2024-01-19
51181,1,1009,1,85.0,85.0,2024-12-20
51182,4,1004,3,180.0,540.0,2024-07-08
51183,2,1010,8,25.0,200.0,2024-01-29
51184,4,1011,4,30.0,120.0,2024-10-28
51185,2,1002,1,35.0,35.0,2024-03-23
51186,4,1011,10,30.0,300.0,2024-11-15
51187,2,1011,7,30.0,210.0,2024-05-21
51188,5,1012,8,40.0,320.0,2024-02-11
51189,1,1001,2,450.0,900.0,2024-09-14
51190,2,1001,10,450.0,4500.0,2024-09-18
51191,4,1004,8,180.0,1440.0,2024-12-16
51192,5,1009,2,85.0,170.0,2024-01-15
51193,5,1013,6,120.0,720.0,2024-02-05
51194,4,1007,4,45.0,180.0,2024-08-11
51195,5,1006,6,120.0,720.0,2024-06-22
51196,4,1003,4,55.0,220.0,2024-06-22
51197,2,1002,8,35.0,280.0,2024-03-05
51198,5,1012,7,40.0,280.0,2024-12-06
51199,4,1002,3,35.0,105.0,2024-10-06
51200,4,1007,9,45.0,405.0,2024-04-01
51201,3,1001,4,450.0,1800.0,2024-08-16
51202,5,1006,9,120.0,1080.0,2024-06-14
51203,5,1009,10,85.0,850.0,2024-04-04
51204,4,1009,8,85.0,680.0,2024-08-06
51205,3,1005,1,185.0,185.0,2024-12-30
51206,5,1005,7,185.0,1295.0,2024-10-11
51207,2,1008,2,65.0,130.0,2024-04-17
51208,2,1001,2,450.0,900.0,2024-09-29
51209,3,1012,5,40.0,200.0,2024-11-23
51210,2,1001,4,450.0,1800.0,2024-01-26
51211,2,1005,10,185.0,1850.0,2024-06-22
51212,4,1006,9,120.0,1080.0,2024-01-30
51213,3,1014,3,35.0,105.0,2024-06-13
51214,1,1002,7,35.0,245.0,2024-03-17
51215,5,1007,10,45.0,450.0,2024-10-31
51216,2,1005,2,185.0,370.0,2024-12-18
51217,4,1004,7,180.0,1260.0,2024-07-03
51218,4,1014,1,35.0,35.0,2024-10-16
51219,1,1011,8,30.0,240.0,2024-02-10
51220,5,1003,9,55.0,495.0,2024-06-25
51221,5,1010,5,25.0,125.0,2024-10-05
51222,2,1010,4,25.0,100.0,2024-11-10
51223,1,1004,5,180.0,900.0,2024-09-01
51224,1,1001,7,450.0,3150.0,2024-08-30
51225,1,1005,10,185.0,1850.0,2024-08-13
51226,4,1011,8,30.0,240.0,2024-09-08
51227,5,1013,6,120.0,720.0,2024-02-28
51228,2,1014,7,35.0,245.0,2024-11-06
51229,1,1002,3,35.0,105.0,2024-05-27
51230,3,1006,2,120.0,240.0,2024-04-23
51231,2,1007,10,45.0,450.0,2024-10-03
51232,2,1005,2,185.0,370.0,2024-01-22
51233,5,1004,5,180.0,900.0,2024-11-23
51234,2,1011,6,30.0,180.0,2024-08-27
51235,2,1008,9,65.0,585.0,2024-03-25
51236,5,1010,10,25.0,250.0,2024-06-11
51237,3,1014,10,35.0,350.0,2024-06-18
51238,3,1005,7,185.0,1295.0,2024-07-28
51239,3,1004,8,180.0,1440.0,2024-11-14
51240,2,1008,10,65.0,650.0,2024-10-03
51241,4,1012,9,40.0,360.0,2024-12-09
51242,5,1008,8,65.0,520.0,2024-01-31
51243,1,1008,10,65.0,650.0,2024-03-24
51244,1,1001,8,450.0,3600.0,2024-10-04
51245,3,1009,6,85.0,510.0,2024-03-19
51246,3,1008,3,65.0,195.0,2024-07-14
51247,1,1008,6,65.0,390.0,2024-06-01
51248,3,1003,9,55.0,495.0,2024-10-09
51249,3,1007,5,45.0,225.0,2024-08-13
51250,3,1006,6,120.0,720.0,2024-07-09
51251,1,1012,8,40.0,320.0,2024-11-27
51252,5,1003,4,55.0,220.0,2024-01-29
51253,4,1007,10,45.0,450.0,2024-11-04
51254,4,1014,1,35.0,35.0,2024-06-02
51255,1,1012,6,40.0,240.0,2024-12-21
51256,4,1008,2,65.0,130.0,2024-11-10
51257,3,1006,10,120.0,1200.0,2024-12-08
51258,3,1007,6,45.0,270.0,2024-11-22
51259,2,1014,5,35.0,175.0,2024-07-31
51260,4,1013,1,120.0,120.0,2024-10-15
51261,3,1013,3,120.0,360.0,2024-10-20
51262,5,1004,5,180.0,900.0,2024-05-15
51263,1,1013,9,120.0,1080.0,2024-03-11
51264,4,1014,8,35.0,280.0,2024-09-08
51265,3,1002,1,35.0,35.0,2024-06-07
51266,5,1014,2,35.0,70.0,2024-11-13
51267,3,1007,8,45.0,360.0,2024-11-15
51268,4,1002,8,35.0,280.0,2024-01-27
51269,5,1012,2,40.0,80.0,2024-04-01
51270,5,1012,4,40.0,160.0,2024-11-08
51271,1,1002,4,35.0,140.0,2024-06-30
51272,5,1007,5,45.0,225.0,2024-09-01
51273,3,1004,2,180.0,360.0,2024-10-18
51274,1,1009,4,85.0,340.0,2024-07-02
51275,1,1001,7,450.0,3150.0,2024-01-15
51276,5,1008,4,65.0,260.0,2024-08-29
51277,3,1007,1,45.0,45.0,2024-12-16
51278,3,1011,10,30.0,300.0,2024-03-29
51279,4,1001,4,450.0,1800.0,2024-04-14
51280,1,1007,9,45.0,405.0,2024-04-17
51281,3,1012,3,40.0,120.0,2024-02-22
51282,2,1007,6,45.0,270.0,2024-10-26
51283,5,1006,4,120.0,480.0,2024-04-11
51284,5,1013,9,120.0,1080.0,2024-07-20
51285,5,1010,1,25.0,25.0,2024-01-11
51286,3,1011,1,30.0,30.0,2024-08-10
51287,3,1014,9,35.0,315.0,2024-04-27
51288,5,1005,10,185.0,1850.0,2024-12-09
51289,2,1006,3,120.0,360.0,2024-12-03
51290,2,1003,5,55.0,275.0,2024-03-15
51291,2,1005,9,185.0,1665.0,2024-07-12
51292,5,1005,7,185.0,1295.0,2024-07-20
51293,3,1001,8,450.0,3600.0,2024-01-28
51294,3,1004,9,180.0,1620.0,2024-11-03
51295,3,1009,7,85.0,595.0,2024-01-03
51296,3,1014,2,35.0,70.0,2024-08-28
51297,2,1006,9,120.0,1080.0,2024-10-02
51298,2,1013,5,120.0,600.0,2024-01-05
51299,2,1009,8,85.0,680.0,2024-01-26
51300,3,1001,1,450.0,450.0,2024-03-18
51301,3,1009,7,85.0,595.0,2024-09-13
51302,5,1012,5,40.0,200.0,2024-07-19
51303,4,1008,4,65.0,260.0,2024-10-18
51304,4,1004,8,180.0,1440.0,2024-02-29
51305,1,1001,5,450.0,2250.0,2024-01-12
51306,1,1006,7,120.0,840.0,2024-07-28
51307,3,1005,1,185.0,185.0,2024-04-14
51308,1,1003,1,55.0,55.0,2024-06-18
51309,2,1014,5,35.0,175.0,2024-03-31
51310,1,1007,4,45.0,180.0,2024-11-21
51311,5,1004,6,180.0,1080.0,2024-05-10
51312,4,1009,5,85.0,425.0,2024-08-02
51313,1,1001,4,450.0,1800.0,2024-06-14
51314,2,1004,2,180.0,360.0,2024-03-09
51315,4,1006,9,120.0,1080.0,2024-10-27
51316,2,1003,5,55.0,275.0,2024-01-16
51317,1,1009,5,85.0,425.0,2024-09-07
51318,2,1014,1,35.0,35.0,2024-06-16
51319,4,1010,5,25.0,125.0,2024-03-30
51320,5,1005,10,185.0,1850.0,2024-10-27
51321,2,1013,10,120.0,1200.0,2024-09-13
51322,4,1011,6,30.0,180.0,2024-08-26
51323,1,1002,7,35.0,245.0,2024-01-09
51324,5,1014,4,35.0,140.0,2024-02-07
51325,1,1007,7,45.0,315.0,2024-01-05
51326,1,1013,8,120.0,960.0,2024-08-10
51327,1,1001,9,450.0,4050.0,2024-12-12
51328,1,1010,9,25.0,225.0,2024-08-08
51329,3,1007,9,45.0,405.0,2024-05-21
51330,3,1011,7,30.0,210.0,2024-12-25
51331,2,1014,9,35.0,315.0,2024-08-11
51332,4,1010,2,25.0,50.0,2024-02-13
51333,4,1014,5,35.0,175.0,2024-02-27
51334,1,1007,7,45.0,315.0,2024-11-23
51335,2,1010,10,25.0,250.0,2024-04-11
51336,3,1001,10,450.0,4500.0,2024-11-10
51337,4,1011,6,30.0,180.0,2024-09-24
51338,4,1006,1,120.0,120.0,2024-10-04
51339,2,1008,9,65.0,585.0,2024-01-23
51340,3,1006,2,120.0,240.0,2024-04-17
51341,4,1004,10,180.0,1800.0,2024-07-18
51342,2,1009,5,85.0,425.0,2024-12-04
51343,4,1003,6,55.0,330.0,2024-10-29
51344,5,1012,4,40.0,160.0,2024-08-18
51345,2,1010,10,25.0,250.0,2024-01-12
51346,3,1010,3,25.0,75.0,2024-07-02
51347,1,1008,1,65.0,65.0,2024-08-22
51348,1,1002,10,35.0,350.0,2024-09-15
51349,1,1001,8,450.0,3600.0,2024-03-14
51350,3,1010,5,25.0,125.0,2024-05-05
51351,4,1009,8,85.0,680.0,2024-08-03
51352,4,1005,4,185.0,740.0,2024-10-29
51353,2,1004,9,180.0,1620.0,2024-08-15
51354,5,1006,6,120.0,720.0,2024-10-06
51355,3,1010,6,25.0,150.0,2024-12-05
51356,2,1001,2,450.0,900.0,2024-07-16
51357,3,1007,2,45.0,90.0,2024-06-14
51358,5,1012,7,40.0,280.0,2024-09-06
51359,4,1013,4,120.0,480.0,2024-03-03
51360,2,1014,3,35.0,105.0,2024-03-14
51361,4,1011,10,30.0,300.0,2024-10-28
51362,3,1006,1,120.0,120.0,2024-08-23
51363,1,1014,5,35.0,175.0,2024-01-29
51364,4,1009,10,85.0,850.0,2024-04-01
51365,3,1014,6,35.0,210.0,2024-02-21
51366,3,1010,3,25.0,75.0,2024-08-29
51367,1,1001,2,450.0,900.0,2024-01-23
51368,3,1008,10,65.0,650.0,2024-09-20
51369,1,1002,10,35.0,350.0,2024-09-12
51370,4,1001,7,450.0,3150.0,2024-04-29
51371,1,1014,2,35.0,70.0,2024-07-29
51372,1,1006,6,120.0,720.0,2024-12-17
51373,3,1014,8,35.0,280.0,2024-10-10
51374,1,1005,5,185.0,925.0,2024-08-22
51375,5,1003,4,55.0,220.0,2024-12-23
51376,5,1003,9,55.0,495.0,2024-09-27
51377,1,1003,7,55.0,385.0,2024-11-04
51378,4,1009,9,85.0,765.0,2024-05-12
51379,5,1011,4,30.0,120.0,2024-11-30
51380,1,1012,4,40.0,160.0,2024-10-05
51381,1,1012,6,40.0,240.0,2024-08-29
51382,4,1009,10,85.0,850.0,2024-05-01
51383,1,1001,8,450.0,3600.0,2024-08-18
51384,5,1005,4,185.0,740.0,2024-07-04
51385,2,1013,4,120.0,480.0,2024-07-14
51386,3,1010,3,25.0,75.0,2024-08-14
51387,5,1001,2,450.0,900.0,2024-07-12
51388,5,1005,10,185.0,1850.0,2024-01-07
51389,1,1003,10,55.0,550.0,2024-08-25
51390,4,1001,6,450.0,2700.0,2024-09-19
51391,1,1014,6,35.0,210.0,2024-08-02
51392,5,1013,10,120.0,1200.0,2024-06-26
51393,4,1013,8,120.0,960.0,2024-02-28
51394,5,1004,3,180.0,540.0,2024-04-18
51395,5,1012,2,40.0,80.0,2024-10-08
51396,4,1001,10,450.0,4500.0,2024-10-28
51397,4,1007,2,45.0,90.0,2024-01-17
51398,4,1002,9,35.0,315.0,2024-09-09
51399,3,1008,10,65.0,650.0,2024-08-12
51400,5,1010,2,25.0,50.0,2024-06-29
51401,3,1013,5,120.0,600.0,2024-07-22
51402,5,1010,8,25.0,200.0,2024-03-04
51403,3,1006,10,120.0,1200.0,2024-07-11
51404,5,1010,2,25.0,50.0,2024-10-20
51405,5,1005,1,185.0,185.0,2024-07-13
51406,3,1013,6,120.0,720.0,2024-03-16
51407,1,1007,9,45.0,405.0,2024-06-10
51408,1,1012,10,40.0,400.0,2024-04-02
51409,5,1013,10,120.0,1200.0,2024-08-08
51410,3,1011,9,30.0,270.0,2024-10-12
51411,1,1006,6,120.0,720.0,2024-11-16
51412,4,1011,6,30.0,180.0,2024-05-25
51413,3,1003,8,55.0,440.0,2024-06-02
51414,5,1007,1,45.0,45.0,2024-07-14
51415,3,1009,1,85.0,85.0,2024-03-27
51416,4,1012,10,40.0,400.0,2024-02-20
51417,4,1005,3,185.0,555.0,2024-10-23
51418,1,1012,8,40.0,320.0,2024-05-16
51419,4,1009,3,85.0,255.0,2024-12-18
51420,4,1007,1,45.0,45.0,2024-07-17
51421,4,1002,3,35.0,105.0,2024-08-12
51422,4,1010,3,25.0,75.0,2024-07-25
51423,3,1012,2,40.0,80.0,2024-01-03
51424,3,1004,6,180.0,1080.0,2024-07-25
51425,5,1001,9,450.0,4050.0,2024-02-01
51426,3,1006,10,120.0,1200.0,2024-09-27
51427,1,1006,1,120.0,120.0,2024-05-18
51428,5,1002,1,35.0,35.0,2024-09-15
51429,1,1010,1,25.0,25.0,2024-10-28
51430,3,1011,9,30.0,270.0,2024-05-02
51431,4,1008,9,65.0,585.0,2024-05-18
51432,5,1002,7,35.0,245.0,2024-04-16
51433,5,1004,10,180.0,1800.0,2024-02-06
51434,3,1005,3,185.0,555.0,2024-05-02
51435,3,1010,4,25.0,100.0,2024-11-14
51436,2,1007,4,45.0,180.0,2024-12-13
51437,1,1006,9,120.0,1080.0,2024-08-25
51438,2,1008,4,65.0,260.0,2024-11-25
51439,1,1002,1,35.0,35.0,2024-07-08
51440,3,1002,10,35.0,350.0,2024-02-13
51441,3,1002,7,35.0,245.0,2024-09-23
51442,4,1014,1,35.0,35.0,2024-01-07
51443,5,1004,9,180.0,1620.0,2024-10-14
51444,4,1010,9,25.0,225.0,2024-07-02
51445,1,1008,9,65.0,585.0,2024-07-13
51446,2,1002,3,35.0,105.0,2024-11-08
51447,2,1001,5,450.0,2250.0,2024-06-28
51448,3,1006,1,120.0,120.0,2024-09-12
51449,5,1007,2,45.0,90.0,2024-11-18
51450,5,1008,1,65.0,65.0,2024-09-20
51451,5,1011,7,30.0,210.0,2024-04-08
51452,5,1005,6,185.0,1110.0,2024-09-29
51453,2,1001,10,450.0,4500.0,2024-03-07
51454,2,1014,2,35.0,70.0,2024-11-30
51455,3,1003,6,55.0,330.0,2024-06-01
51456,5,1003,1,55.0,55.0,2024-08-29
51457,5,1001,9,450.0,4050.0,2024-08-03
51458,1,1003,2,55.0,110.0,2024-02-23
51459,1,1008,3,65.0,195.0,2024-10-08
51460,4,1001,2,450.0,900.0,2024-07-06
51461,2,1006,10,120.0,1200.0,2024-03-16
51462,1,1004,10,180.0,1800.0,2024-03-19
51463,1,1014,8,35.0,280.0,2024-10-09
51464,3,1004,8,180.0,1440.0,2024-09-01
51465,3,1005,1,185.0,185.0,2024-05-07
51466,3,1005,10,185.0,1850.0,2024-09-04
51467,5,1013,2,120.0,240.0,2024-08-04
51468,4,1011,9,30.0,270.0,2024-02-02
51469,4,1013,2,120.0,240.0,2024-05-04
51470,3,1013,6,120.0,720.0,2024-09-26
51471,4,1004,3,180.0,540.0,2024-12-13
51472,5,1010,3,25.0,75.0,2024-02-21
51473,4,1008,8,65.0,520.0,2024-05-02
51474,3,1007,3,45.0,135.0,2024-06-16
51475,4,1002,10,35.0,350.0,2024-09-02
51476,4,1007,4,45.0,180.0,2024-02-11
51477,2,1003,9,55.0,495.0,2024-12-08
51478,5,1014,9,35.0,315.0,2024-05-30
51479,1,1002,10,35.0,350.0,2024-06-06
51480,2,1007,1,45.0,45.0,2024-03-05
51481,4,1014,2,35.0,70.0,2024-03-16
51482,1,1009,7,85.0,595.0,2024-02-19
51483,5,1004,3,180.0,540.0,2024-02-09
51484,4,1002,5,35.0,175.0,2024-12-09
51485,1,1001,2,450.0,900.0,2024-11-22
51486,4,1013,4,120.0,480.0,2024-03-14
51487,2,1012,9,40.0,360.0,2024-06-25
51488,4,1002,5,35.0,175.0,2024-12-29
51489,5,1007,1,45.0,45.0,2024-05-11
51490,3,1009,6,85.0,510.0,2024-08-11
51491,1,1001,7,450.0,3150.0,2024-11-14
51492,3,1006,6,120.0,720.0,2024-04-04
51493,4,1011,3,30.0,90.0,2024-06-28
51494,4,1002,3,35.0,105.0,2024-08-03
51495,1,1011,10,30.0,300.0,2024-09-06
51496,1,1008,9,65.0,585.0,2024-08-01
51497,3,1007,3,45.0,135.0,2024-08-14
51498,3,1001,5,450.0,2250.0,2024-07-05
51499,4,1011,6,30.0,180.0,2024-08-06
51500,4,1009,5,85.0,425.0,2024-01-10
61500,4,1009,5,85.0,425.0,2024-01-10
51501,4,1003,3,55.0,165.0,2024-12-24
51502,2,1014,6,35.0,210.0,2024-10-22
51503,2,1014,5,35.0,175.0,2024-06-17
51504,2,1013,5,120.0,600.0,2024-03-28
51505,4,1002,6,35.0,210.0,2024-11-29
51506,1,1010,7,25.0,175.0,2024-06-25
51507,5,1005,10,185.0,1850.0,2024-07-23
51508,2,1013,2,120.0,240.0,2024-09-30
51509,5,1010,4,25.0,100.0,2024-08-13
51510,2,1012,6,40.0,240.0,2024-09-29
51511,1,1009,8,85.0,680.0,2024-10-16
51512,2,1001,4,450.0,1800.0,2024-10-16
51513,5,1011,1,30.0,30.0,2024-08-25
51514,5,1005,7,185.0,1295.0,2024-06-01
51515,2,1008,4,65.0,260.0,2024-04-25
51516,5,1012,6,40.0,240.0,2024-05-09
51517,4,1013,4,120.0,480.0,2024-02-15
51518,5,1014,1,35.0,35.0,2024-03-22
51519,3,1013,7,120.0,840.0,2024-02-06
51520,2,1002,2,35.0,70.0,2024-07-12
51521,4,1001,4,450.0,1800.0,2024-09-13
51522,4,1002,2,35.0,70.0,2024-06-03
51523,2,1007,6,45.0,270.0,2024-05-03
51524,4,1004,8,180.0,1440.0,2024-06-26
51525,3,1010,6,25.0,150.0,2024-06-04
51526,2,1010,6,25.0,150.0,2024-10-01
51527,1,1003,1,55.0,55.0,2024-03-15
51528,1,1013,4,120.0,480.0,2024-01-27
51529,5,1004,3,180.0,540.0,2024-12-20
51530,3,1005,8,185.0,1480.0,2024-06-14
51531,2,1013,6,120.0,720.0,2024-10-11
51532,4,1014,9,35.0,315.0,2024-05-01
51533,2,1003,8,55.0,440.0,2024-05-17
51534,5,1007,3,45.0,135.0,2024-09-07
51535,4,1013,2,120.0,240.0,2024-05-24
51536,1,1001,2,450.0,900.0,2024-11-01
51537,3,1013,6,120.0,720.0,2024-11-27
51538,5,1003,8,55.0,440.0,2024-12-21
51539,2,1008,2,65.0,130.0,2024-02-02
51540,2,1007,10,45.0,450.0,2024-07-04
51541,4,1014,8,35.0,280.0,2024-01-27
51542,3,1009,7,85.0,595.0,2024-07-14
51543,3,1007,3,45.0,135.0,2024-12-04
51544,2,1002,7,35.0,245.0,2024-12-09
51545,3,1006,6,120.0,720.0,2024-10-22
51546,3,1009,3,85.0,255.0,2024-09-19
51547,2,1003,4,55.0,220.0,2024-05-03
51548,4,1011,7,30.0,210.0,2024-05-12
51549,3,1014,2,35.0,70.0,2024-05-05
51550,1,1013,3,120.0,360.0,2024-04-22
51551,5,1004,4,180.0,720.0,2024-10-13
51552,5,1011,9,30.0,270.0,2024-11-15
51553,1,1011,5,30.0,150.0,2024-04-14
51554,1,1010,4,25.0,100.0,2024-10-24
51555,1,1001,5,450.0,2250.0,2024-01-14
51556,4,1011,9,30.0,270.0,2024-08-12
51557,4,1003,6,55.0,330.0,2024-11-04
51558,3,1001,8,450.0,3600.0,2024-01-28
51559,1,1007,4,45.0,180.0,2024-04-17
51560,2,1009,8,85.0,680.0,2024-11-11
51561,4,1007,10,45.0,450.0,2024-12-06
51562,2,1014,2,35.0,70.0,2024-02-06
51563,3,1002,1,35.0,35.0,2024-11-24
51564,3,1012,7,40.0,280.0,2024-02-25
51565,3,1013,7,120.0,840.0,2024-06-06
51566,5,1014,10,35.0,350.0,2024-11-26
51567,2,1012,5,40.0,200.0,2024-02-28
51568,2,1003,7,55.0,385.0,2024-08-08
51569,3,1011,9,30.0,270.0,2024-05-25
51570,4,1010,5,25.0,125.0,2024-05-17
51571,3,1001,10,450.0,4500.0,2024-10-31
51572,2,1008,9,65.0,585.0,2024-09-16
51573,3,1005,1,185.0,185.0,2024-03-04
51574,1,1008,6,65.0,390.0,2024-08-31
51575,2,1013,2,120.0,240.0,2024-08-18
51576,5,1007,9,45.0,405.0,2024-02-01
51577,3,1003,2,55.0,110.0,2024-02-21
51578,4,1006,2,120.0,240.0,2024-04-04
51579,3,1008,10,65.0,650.0,2024-02-08
51580,2,1009,4,85.0,340.0,2024-06-11
51581,2,1009,3,85.0,255.0,2024-05-03
51582,4,1007,5,45.0,225.0,2024-03-07
51583,2,1011,9,30.0,270.0,2024-06-05
51584,1,1006,3,120.0,360.0,2024-01-11
51585,1,1010,2,25.0,50.0,2024-04-18
51586,5,1014,10,35.0,350.0,2024-07-06
51587,4,1001,3,450.0,1350.0,2024-01-21
51588,5,1006,2,120.0,240.0,2024-03-08
51589,2,1003,3,55.0,165.0,2024-08-14
51590,5,1005,5,185.0,925.0,2024-04-21
51591,2,1005,10,185.0,1850.0,2024-04-17
51592,4,1008,8,65.0,520.0,2024-06-24
51593,4,1001,10,450.0,4500.0,2024-04-13
51594,3,1007,5,45.0,225.0,2024-06-15
51595,3,1007,6,45.0,270.0,2024-05-26
51596,2,1012,10,40.0,400.0,2024-03-10
51597,2,1003,2,55.0,110.0,2024-10-16
51598,2,1001,4,450.0,1800.0,2024-09-29
51599,3,1011,6,30.0,180.0,2024-06-27
51600,4,1008,3,65.0,195.0,2024-05-22
51601,3,1003,9,55.0,495.0,2024-09-15
51602,2,1012,8,40.0,320.0,2024-03-26
51603,2,1012,5,40.0,200.0,2024-04-29
51604,1,1011,4,30.0,120.0,2024-02-24
51605,1,1010,3,25.0,75.0,2024-10-28
51606,2,1005,6,185.0,1110.0,2024-03-18
51607,2,1013,5,120.0,600.0,2024-05-21
51608,5,1002,5,35.0,175.0,2024-01-04
51609,4,1001,9,450.0,4050.0,2024-05-13
51610,1,1012,1,40.0,40.0,2024-04-21
51611,4,1004,8,180.0,1440.0,2024-12-24
51612,5,1009,6,85.0,510.0,2024-03-15
51613,3,1014,4,35.0,140.0,2024-11-30
51614,3,1014,7,35.0,245.0,2024-12-12
51615,3,1003,4,55.0,220.0,2024-09-12
51616,3,1009,2,85.0,170.0,2024-01-24
51617,4,1008,4,65.0,260.0,2024-08-23
51618,4,1012,7,40.0,280.0,2024-05-12
51619,1,1007,8,45.0,360.0,2024-09-24
51620,2,1005,1,185.0,185.0,2024-01-19
51621,3,1005,4,185.0,740.0,2024-02-02
51622,3,1003,5,55.0,275.0,2024-12-13
51623,3,1012,8,40.0,320.0,2024-09-16
51624,4,1009,2,85.0,170.0,2024-11-01
51625,4,1012,6,40.0,240.0,2024-09-11
51626,5,1005,4,185.0,740.0,2024-03-20
51627,2,1007,7,45.0,315.0,2024-12-04
51628,1,1010,7,25.0,175.0,2024-06-19
51629,4,1013,3,120.0,360.0,2024-12-20
51630,1,1001,2,450.0,900.0,2024-12-13
51631,1,1009,3,85.0,255.0,2024-12-01
51632,2,1009,4,85.0,340.0,2024-12-13
51633,1,1007,2,45.0,90.0,2024-05-04
51634,2,1007,10,45.0,450.0,2024-07-18
51635,1,1011,8,30.0,240.0,2024-07-18
51636,1,1008,6,65.0,390.0,2024-10-25
51637,3,1004,2,180.0,360.0,2024-02-05
51638,5,1009,9,85.0,765.0,2024-01-24
51639,5,1008,7,65.0,455.0,2024-04-18
51640,2,1010,8,25.0,200.0,2024-09-23
51641,4,1008,9,65.0,585.0,2024-06-13
51642,4,1009,1,85.0,85.0,2024-05-28
51643,5,1007,10,45.0,450.0,2024-07-20
51644,3,1014,9,35.0,315.0,2024-11-15
51645,2,1010,7,25.0,175.0,2024-03-17
51646,1,1012,3,40.0,120.0,2024-10-15
51647,4,1013,10,120.0,1200.0,2024-09-24
51648,5,1001,6,450.0,2700.0,2024-09-01
51649,2,1013,10,120.0,1200.0,2024-12-14
51650,4,1011,4,30.0,120.0,2024-06-18
51651,2,1005,3,185.0,555.0,2024-09-17
51652,1,1005,2,185.0,370.0,2024-11-10
51653,2,1003,3,55.0,165.0,2024-11-26
51654,4,1004,4,180.0,720.0,2024-08-31
51655,4,1012,4,40.0,160.0,2024-04-23
51656,3,1004,5,180.0,900.0,2024-09-21
51657,5,1003,5,55.0,275.0,2024-08-22
51658,1,1002,7,35.0,245.0,2024-09-23
51659,5,1005,2,185.0,370.0,2024-01-03
51660,4,1007,5,45.0,225.0,2024-07-04
51661,2,1008,7,65.0,455.0,2024-08-02
51662,1,1008,6,65.0,390.0,2024-09-28
51663,5,1002,4,35.0,140.0,2024-10-15
51664,5,1014,5,35.0,175.0,2024-10-05
51665,2,1008,1,65.0,65.0,2024-08-04
51666,5,1014,5,35.0,175.0,2024-03-21
51667,5,1010,6,25.0,150.0,2024-03-19
51668,5,1009,5,85.0,425.0,2024-02-23
51669,1,1014,10,35.0,350.0,2024-03-16
51670,4,1010,7,25.0,175.0,2024-04-16
51671,1,1010,10,25.0,250.0,2024-04-23
51672,1,1001,6,450.0,2700.0,2024-01-05
51673,4,1006,2,120.0,240.0,2024-03-24
51674,1,1010,1,25.0,25.0,2024-03-16
51675,5,1012,4,40.0,160.0,2024-01-01
51676,3,1008,4,65.0,260.0,2024-09-25
51677,1,1013,10,120.0,1200.0,2024-06-17
51678,1,1014,6,35.0,210.0,2024-09-07
51679,5,1001,9,450.0,4050.0,2024-10-13
51680,2,1002,4,35.0,140.0,2024-12-22
51681,2,1009,9,85.0,765.0,2024-05-13
51682,3,1009,3,85.0,255.0,2024-09-26
51683,3,1010,2,25.0,50.0,2024-03-14
51684,1,1002,7,35.0,245.0,2024-03-27
51685,3,1013,10,120.0,1200.0,2024-09-02
51686,4,1009,9,85.0,765.0,2024-08-10
51687,1,1007,8,45.0,360.0,2024-05-01
51688,2,1011,1,30.0,30.0,2024-12-08
51689,2,1006,2,120.0,240.0,2024-07-09
51690,4,1006,9,120.0,1080.0,2024-05-21
51691,4,1001,1,450.0,450.0,2024-11-02
51692,5,1003,5,55.0,275.0,2024-07-20
51693,3,1013,8,120.0,960.0,2024-09-16
51694,5,1014,9,35.0,315.0,2024-06-14
51695,2,1011,7,30.0,210.0,2024-12-23
51696,4,1011,2,30.0,60.0,2024-01-16
51697,5,1005,5,185.0,925.0,2024-01-20
51698,1,1007,7,45.0,315.0,2024-07-07
51699,4,1008,5,65.0,325.0,2024-04-26
51700,4,1001,7,450.0,3150.0,2024-11-17
51701,5,1013,1,120.0,120.0,2024-09-26
51702,5,1009,6,85.0,510.0,2024-11-17
51703,1,1010,4,25.0,100.0,2024-11-13
51704,2,1007,9,45.0,405.0,2024-12-10
51705,4,1011,5,30.0,150.0,2024-02-14
51706,4,1009,3,85.0,255.0,2024-09-26
51707,4,1001,2,450.0,900.0,2024-05-08
51708,5,1014,6,35.0,210.0,2024-11-14
51709,1,1011,9,30.0,270.0,2024-10-09
51710,4,1008,3,65.0,195.0,2024-05-18
51711,3,1012,4,40.0,160.0,2024-01-17
51712,4,1005,8,185.0,1480.0,2024-05-04
51713,1,1001,8,450.0,3600.0,2024-04-02
51714,1,1010,1,25.0,25.0,2024-11-12
51715,3,1002,10,35.0,350.0,2024-06-20
51716,4,1008,8,65.0,520.0,2024-09-04
51717,2,1013,9,120.0,1080.0,2024-07-31
51718,1,1004,1,180.0,180.0,2024-04-29
51719,2,1004,2,180.0,360.0,2024-06-30
51720,3,1009,1,85.0,85.0,2024-02-13
51721,4,1001,1,450.0,450.0,2024-12-15
51722,4,1010,8,25.0,200.0,2024-12-24
51723,4,1004,7,180.0,1260.0,2024-07-08
51724,1,1010,9,25.0,225.0,2024-08-09
51725,2,1003,6,55.0,330.0,2024-07-23
51726,2,1009,5,85.0,425.0,2024-09-02
51727,1,1005,4,185.0,740.0,2024-01-13
51728,4,1011,7,30.0,210.0,2024-08-24
51729,1,1001,8,450.0,3600.0,2024-07-02
51730,3,1010,9,25.0,225.0,2024-03-26
51731,2,1001,1,450.0,450.0,2024-05-16
51732,3,1006,10,120.0,1200.0,2024-09-08
51733,3,1008,1,65.0,65.0,2024-10-13
51734,1,1002,6,35.0,210.0,2024-01-16
51735,2,1014,5,35.0,175.0,2024-06-22
51736,2,1012,7,40.0,280.0,2024-12-18
51737,2,1011,9,30.0,270.0,2024-04-12
51738,5,1007,7,45.0,315.0,2024-01-12
51739,2,1007,1,45.0,45.0,2024-12-15
51740,5,1001,5,450.0,2250.0,2024-10-03
51741,4,1007,10,45.0,450.0,2024-05-17
51742,5,1005,10,185.0,1850.0,2024-09-27
51743,3,1006,3,120.0,360.0,2024-07-25
51744,2,1007,2,45.0,90.0,2024-06-05
51745,4,1013,4,120.0,480.0,2024-02-29
51746,1,1006,9,120.0,1080.0,2024-11-15
51747,3,1005,6,185.0,1110.0,2024-09-13
51748,3,1001,9,450.0,4050.0,2024-09-16
51749,2,1010,2,25.0,50.0,2024-07-27
51750,4,1013,2,120.0,240.0,2024-03-25
51751,4,1001,1,450.0,450.0,2024-02-29
51752,2,1011,5,30.0,150.0,2024-02-24
51753,4,1010,8,25.0,200.0,2024-04-08
51754,3,1007,5,45.0,225.0,2024-04-01
51755,2,1011,7,30.0,210.0,2024-05-18
51756,1,1004,8,180.0,1440.0,2024-04-24
51757,4,1009,5,85.0,425.0,2024-10-22
51758,5,1014,9,35.0,315.0,2024-07-27
51759,3,1013,10,120.0,1200.0,2024-02-23
51760,3,1004,8,180.0,1440.0,2024-07-16
51761,5,1010,7,25.0,175.0,2024-08-17
51762,2,1014,9,35.0,315.0,2024-12-12
51763,5,1014,10,35.0,350.0,2024-09-12
51764,3,1012,1,40.0,40.0,2024-05-05
51765,3,1007,6,45.0,270.0,2024-06-28
51766,3,1003,4,55.0,220.0,2024-03-23
51767,1,1006,6,120.0,720.0,2024-10-21
51768,2,1013,3,120.0,360.0,2024-03-05
51769,2,1010,10,25.0,250.0,2024-09-13
51770,5,1006,5,120.0,600.0,2024-11-04
51771,1,1011,6,30.0,180.0,2024-05-11
51772,2,1006,9,120.0,1080.0,2024-08-04
51773,2,1008,4,65.0,260.0,2024-08-23
51774,2,1008,10,65.0,650.0,2024-09-11
51775,3,1005,10,185.0,1850.0,2024-04-11
51776,5,1005,1,185.0,185.0,2024-11-08
51777,3,1007,9,45.0,405.0,2024-05-03
51778,5,1012,1,40.0,40.0,2024-11-23
51779,3,1001,9,450.0,4050.0,2024-03-03
51780,4,1013,10,120.0,1200.0,2024-12-04
51781,5,1012,1,40.0,40.0,2024-11-20
51782,4,1003,2,55.0,110.0,2024-07-07
51783,5,1002,9,35.0,315.0,2024-01-19
51784,4,1013,9,120.0,1080.0,2024-05-12
51785,3,1007,8,45.0,360.0,2024-03-10
51786,3,1012,7,40.0,280.0,2024-05-08
51787,2,1014,1,35.0,35.0,2024-11-10
51788,5,1008,7,65.0,455.0,2024-11-05
51789,5,1008,1,65.0,65.0,2024-09-29
51790,5,1007,2,45.0,90.0,2024-10-21
51791,5,1014,2,35.0,70.0,2024-07-31
51792,4,1005,7,185.0,1295.0,2024-05-06
51793,1,1013,2,120.0,240.0,2024-02-05
51794,2,1006,6,120.0,720.0,2024-09-27
51795,3,1006,10,120.0,1200.0,2024-01-08
51796,5,1011,4,30.0,120.0,2024-01-03
51797,5,1010,10,25.0,250.0,2024-11-15
51798,5,1003,2,55.0,110.0,2024-11-12
51799,2,1014,8,35.0,280.0,2024-09-10
51800,3,1003,8,55.0,440.0,2024-09-07
51801,3,1001,1,450.0,450.0,2024-08-14
51802,4,1012,2,40.0,80.0,2024-07-12
51803,1,1009,6,85.0,510.0,2024-05-31
51804,5,1004,9,180.0,1620.0,2024-12-04
51805,2,1012,10,40.0,400.0,2024-05-04
51806,3,1008,10,65.0,650.0,2024-09-11
51807,1,1009,5,85.0,425.0,2024-07-14
51808,4,1006,7,120.0,840.0,2024-05-03
51809,5,1004,1,180.0,180.0,2024-03-06
51810,3,1004,7,180.0,1260.0,2024-07-05
51811,4,1007,2,45.0,90.0,2024-04-13
51812,1,1013,9,120.0,1080.0,2024-06-26
51813,1,1006,5,120.0,600.0,2024-11-16
51814,2,1006,6,120.0,720.0,2024-10-09
51815,2,1001,2,450.0,900.0,2024-01-16
51816,1,1010,8,25.0,200.0,2024-12-02
51817,3,1003,5,55.0,275.0,2024-10-15
51818,4,1009,1,85.0,85.0,2024-10-28
51819,5,1008,7,65.0,455.0,2024-08-20
51820,1,1012,6,40.0,240.0,2024-11-12
51821,1,1003,7,55.0,385.0,2024-01-31
51822,5,1007,8,45.0,360.0,2024-06-03
51823,1,1011,3,30.0,90.0,2024-06-17
51824,4,1010,10,25.0,250.0,2024-10-03
51825,4,1007,1,45.0,45.0,2024-06-23
51826,5,1010,10,25.0,250.0,2024-04-28
51827,5,1011,4,30.0,120.0,2024-05-01
51828,4,1010,5,25.0,125.0,2024-08-08
51829,2,1013,4,120.0,480.0,2024-02-28
51830,1,1002,3,35.0,105.0,2024-10-05
51831,5,1011,9,30.0,270.0,2024-12-12
51832,3,1009,3,85.0,255.0,2024-11-01
51833,1,1008,10,65.0,650.0,2024-08-19
51834,2,1006,4,120.0,480.0,2024-06-01
51835,1,1004,3,180.0,540.0,2024-01-08
51836,2,1008,6,65.0,390.0,2024-08-25
51837,3,1014,1,35.0,35.0,2024-05-14
51838,1,1010,7,25.0,175.0,2024-10-14
51839,4,1001,8,450.0,3600.0,2024-08-19
51840,5,1001,9,450.0,4050.0,2024-01-18
51841,5,1003,9,55.0,495.0,2024-11-26
51842,1,1009,9,85.0,765.0,2024-09-20
51843,3,1002,8,35.0,280.0,2024-04-04
51844,3,1001,8,450.0,3600.0,2024-10-14
51845,3,1014,8,35.0,280.0,2024-01-22
51846,3,1003,8,55.0,440.0,2024-02-24
51847,3,1012,8,40.0,320.0,2024-11-12
51848,1,1008,6,65.0,390.0,2024-10-14
51849,2,1013,2,120.0,240.0,2024-07-09
51850,5,1007,9,45.0,405.0,2024-01-27
51851,2,1004,3,180.0,540.0,2024-12-10
51852,3,1005,1,185.0,185.0,2024-06-05
51853,3,1006,4,120.0,480.0,2024-07-14
51854,3,1007,8,45.0,360.0,2024-02-13
51855,1,1001,1,450.0,450.0,2024-10-13
51856,4,1002,4,35.0,140.0,2024-01-27
51857,5,1011,6,30.0,180.0,2024-10-28
51858,1,1005,7,185.0,1295.0,2024-12-18
51859,2,1014,7,35.0,245.0,2024-04-08
51860,2,1006,4,120.0,480.0,2024-09-03
51861,1,1004,9,180.0,1620.0,2024-04-20
51862,3,1014,1,35.0,35.0,2024-07-26
51863,3,1004,5,180.0,900.0,2024-01-28
51864,5,1013,5,120.0,600.0,2024-09-29
51865,5,1004,7,180.0,1260.0,2024-03-04
51866,1,1011,6,30.0,180.0,2024-10-10
51867,3,1011,1,30.0,30.0,2024-03-07
51868,5,1004,4,180.0,720.0,2024-06-19
51869,3,1009,1,85.0,85.0,2024-04-18
51870,3,1004,1,180.0,180.0,2024-09-05
51871,2,1012,4,40.0,160.0,2024-08-18
51872,3,1002,7,35.0,245.0,2024-03-01
51873,4,1011,2,30.0,60.0,2024-09-04
51874,1,1005,10,185.0,1850.0,2024-11-15
51875,4,1013,7,120.0,840.0,2024-02-18
51876,4,1006,1,120.0,120.0,2024-08-16
51877,2,1013,9,120.0,1080.0,2024-08-03
51878,1,1001,4,450.0,1800.0,2024-07-08
51879,3,1008,1,65.0,65.0,2024-01-21
51880,4,1013,8,120.0,960.0,2024-03-05
51881,2,1007,5,45.0,225.0,2024-03-22
51882,4,1014,8,35.0,280.0,2024-11-08
51883,5,1006,3,120.0,360.0,2024-12-28
51884,4,1004,8,180.0,1440.0,2024-12-07
51885,5,1013,10,120.0,1200.0,2024-11-01
51886,5,1005,9,185.0,1665.0,2024-01-19
51887,4,1004,8,180.0,1440.0,2024-06-06
51888,4,1014,6,35.0,210.0,2024-04-26
51889,1,1008,9,65.0,585.0,2024-05-25
51890,2,1013,7,120.0,840.0,2024-12-23
51891,4,1007,3,45.0,135.0,2024-12-03
51892,2,1012,8,40.0,320.0,2024-11-21
51893,4,1014,10,35.0,350.0,2024-10-07
51894,2,1012,7,40.0,280.0,2024-11-21
51895,5,1009,10,85.0,850.0,2024-08-16
51896,5,1003,1,55.0,55.0,2024-04-08
51897,2,1003,7,55.0,385.0,2024-08-02
51898,5,1012,1,40.0,40.0,2024-03-15
51899,2,1005,7,185.0,1295.0,2024-10-04
51900,4,1013,4,120.0,480.0,2024-02-02
51901,3,1011,4,30.0,120.0,2024-11-30
51902,4,1010,2,25.0,50.0,2024-05-12
51903,2,1011,3,30.0,90.0,2024-07-21
51904,2,1014,5,35.0,175.0,2024-07-29
51905,2,1007,2,45.0,90.0,2024-02-29
51906,4,1010,3,25.0,75.0,2024-11-18
51907,1,1014,2,35.0,70.0,2024-07-26
51908,5,1007,1,45.0,45.0,2024-04-17
51909,1,1013,3,120.0,360.0,2024-12-22
51910,2,1011,6,30.0,180.0,2024-12-19
51911,1,1009,1,85.0,85.0,2024-09-08
51912,3,1002,10,35.0,350.0,2024-08-14
51913,4,1010,9,25.0,225.0,2024-09-24
51914,3,1002,1,35.0,35.0,2024-05-05
51915,2,1008,6,65.0,390.0,2024-09-10
51916,2,1008,5,65.0,325.0,2024-06-08
51917,2,1009,8,85.0,680.0,2024-11-17
51918,3,1014,5,35.0,175.0,2024-06-18
51919,4,1005,6,185.0,1110.0,2024-04-17
51920,1,1005,5,185.0,925.0,2024-06-15
51921,2,1009,2,85.0,170.0,2024-03-22
51922,2,1009,3,85.0,255.0,2024-05-18
51923,4,1010,8,25.0,200.0,2024-09-25
51924,5,1013,6,120.0,720.0,2024-08-14
51925,4,1011,4,30.0,120.0,2024-12-20
51926,2,1010,7,25.0,175.0,2024-04-10
51927,2,1013,10,120.0,1200.0,2024-10-19
51928,1,1011,7,30.0,210.0,2024-05-07
51929,2,1013,4,120.0,480.0,2024-01-06
51930,3,1008,5,65.0,325.0,2024-11-22
51931,5,1014,3,35.0,105.0,2024-05-04
51932,4,1002,4,35.0,140.0,2024-07-13
51933,1,1002,5,35.0,175.0,2024-06-18
51934,5,1013,2,120.0,240.0,2024-04-13
51935,4,1006,9,120.0,1080.0,2024-11-19
51936,1,1006,6,120.0,720.0,2024-06-25
51937,2,1009,3,85.0,255.0,2024-04-29
51938,3,1003,4,55.0,220.0,2024-03-10
51939,2,1005,8,185.0,1480.0,2024-01-19
51940,3,1013,10,120.0,1200.0,2024-12-02
51941,1,1006,9,120.0,1080.0,2024-12-10
51942,2,1008,3,65.0,195.0,2024-10-01
51943,2,1014,10,35.0,350.0,2024-02-06
51944,3,1008,8,65.0,520.0,2024-12-06
51945,1,1009,6,85.0,510.0,2024-01-09
51946,4,1004,7,180.0,1260.0,2024-02-02
51947,1,1010,10,25.0,250.0,2024-06-25
51948,3,1008,7,65.0,455.0,2024-03-31
51949,2,1011,8,30.0,240.0,2024-03-27
51950,3,1001,4,450.0,1800.0,2024-11-10
51951,5,1003,1,55.0,55.0,2024-07-22
51952,2,1013,6,120.0,720.0,2024-10-02
51953,4,1004,10,180.0,1800.0,2024-08-20
51954,1,1001,1,450.0,450.0,2024-11-27
51955,3,1007,7,45.0,315.0,2024-06-21
51956,4,1004,7,180.0,1260.0,2024-11-15
51957,5,1011,1,30.0,30.0,2024-09-04
51958,4,1010,1,25.0,25.0,2024-03-14
51959,4,1006,9,120.0,1080.0,2024-04-19
51960,5,1008,9,65.0,585.0,2024-08-02
51961,1,1002,3,35.0,105.0,2024-10-13
51962,2,1002,5,35.0,175.0,2024-02-02
51963,4,1010,9,25.0,225.0,2024-11-14
51964,1,1012,7,40.0,280.0,2024-06-15
51965,2,1005,3,185.0,555.0,2024-06-11
51966,2,1009,4,85.0,340.0,2024-05-02
51967,2,1005,6,185.0,1110.0,2024-09-02
51968,2,1004,4,180.0,720.0,2024-12-03
51969,1,1003,2,55.0,110.0,2024-10-08
51970,2,1006,1,120.0,120.0,2024-10-01
51971,3,1013,3,120.0,360.0,2024-04-23
51972,1,1003,5,55.0,275.0,2024-06-10
51973,3,1011,5,30.0,150.0,2024-02-17
51974,2,1009,8,85.0,680.0,2024-08-15
51975,1,1007,7,45.0,315.0,2024-01-26
51976,1,1002,10,35.0,350.0,2024-09-24
51977,1,1012,10,40.0,400.0,2024-06-26
51978,5,1012,9,40.0,360.0,2024-11-15
51979,5,1013,3,120.0,360.0,2024-06-07
51980,5,1009,7,85.0,595.0,2024-12-19
51981,4,1002,2,35.0,70.0,2024-02-12
51982,3,1013,1,120.0,120.0,2024-09-27
51983,4,1003,6,55.0,330.0,2024-12-18
51984,4,1011,4,30.0,120.0,2024-03-16
51985,1,1003,5,55.0,275.0,2024-11-01
51986,4,1001,2,450.0,900.0,2024-10-11
51987,1,1009,4,85.0,340.0,2024-07-08
51988,1,1005,2,185.0,370.0,2024-10-29
51989,5,1006,9,120.0,1080.0,2024-04-02
51990,3,1007,9,45.0,405.0,2024-02-14
51991,5,1010,3,25.0,75.0,2024-11-04
51992,5,1009,9,85.0,765.0,2024-01-17
51993,3,1009,7,85.0,595.0,2024-02-13
51994,1,1002,5,35.0,175.0,2024-08-10
51995,2,1008,4,65.0,260.0,2024-11-11
51996,5,1014,9,35.0,315.0,2024-04-09
51997,3,1004,4,180.0,720.0,2024-01-22
51998,4,1005,4,185.0,740.0,2024-07-05
51999,1,1011,1,30.0,30.0,2024-08-05
52000,1,1013,9,120.0,1080.0,2024-06-08
62000,1,1013,9,120.0,1080.0,2024-06-08
